id,name,type,lat,lon,address,operator,source
station_unique:0,4.19민주묘지,우이신설선,37.64954,127.01371,서울특별시 강북구 삼양로 519,우이신설경전철운영㈜,전체_도시철도역사정보_20260228
station_unique:1,가능역,경원선,37.748362,127.044251,경기도 의정부시 평화로 633,한국철도공사,전체_도시철도역사정보_20260228
station_unique:2,가락시장,3호선,37.492318,127.1177,서울특별시 송파구 송파대로 지하257(가락동),서울교통공사,전체_도시철도역사정보_20260228
station_unique:3,가락시장,8호선,37.493004,127.118279,서울특별시 송파구 송파대로 지하257(가락동),서울교통공사,전체_도시철도역사정보_20260228
station_unique:4,가산디지털단지,7호선,37.480376,126.882704,서울특별시 금천구 벚꽃로 309(가산동),서울교통공사,전체_도시철도역사정보_20260228
station_unique:5,가산디지털단지역,경부선,37.481568,126.882628,서울시 금천구 벚꽃로 309,한국철도공사,전체_도시철도역사정보_20260228
station_unique:6,가야,부산 도시철도 2호선,35.15589,129.04283,부산광역시 부산진구 가야대로 지하 650,부산광역시 부산교통공사,전체_도시철도역사정보_20260228
station_unique:7,가야대,부산김해경전철,35.26672721,128.8650703,경상남도 김해시 해반천로 211,부산-김해경전철㈜,전체_도시철도역사정보_20260228
station_unique:8,가양,서울 도시철도 9호선,37.561111,126.855078,서울특별시 강서구 양천로 지하485,서울특별시 서울시메트로9호선㈜,전체_도시철도역사정보_20260228
station_unique:9,가오리,우이신설선,37.64162,127.01681,서울특별시 강북구 삼양로 426,우이신설경전철운영㈜,전체_도시철도역사정보_20260228
station_unique:10,가재울,인천지하철 2호선,37.484152,126.683883,인천광역시 서구 열우물로 252 (가좌동),인천교통공사,전체_도시철도역사정보_20260228
station_unique:11,가정(루원시티),인천지하철 2호선,37.524805,126.675387,인천광역시 서구 봉오대로 234 (가정동),인천교통공사,전체_도시철도역사정보_20260228
station_unique:12,가정중앙시장,인천지하철 2호선,37.517511,126.676784,인천광역시 서구 가남로 400 (가정동),인천교통공사,전체_도시철도역사정보_20260228
station_unique:13,가좌역,경의중앙선,37.568611,126.914841,서울시 서대문구 수색로 27(남가좌동),한국철도공사,전체_도시철도역사정보_20260228
station_unique:14,가천대역,분당선,37.448784,127.126677,경기도 성남시 수정구 성남대로 1332,한국철도공사,전체_도시철도역사정보_20260228
station_unique:15,가평역,경춘선,37.814515,127.510693,경기도 가평군 가평읍 문화로 13-42(달전리 567),한국철도공사,전체_도시철도역사정보_20260228
station_unique:16,각산,대구 도시철도 1호선,35.867852,128.723843,동구 안심로 지하363 (신서동),대구교통공사,전체_도시철도역사정보_20260228
station_unique:17,간석역,경인선,37.464689,126.693408,인천시 남동구 석정로 522-14,한국철도공사,전체_도시철도역사정보_20260228
station_unique:18,간석오거리,인천지하철 1호선,37.466921,126.707861,인천광역시 남동구 경인로 674,인천교통공사,전체_도시철도역사정보_20260228
station_unique:19,갈마,대전 도시철도 1호선,36.357522,127.372632,대전광역시 서구 한밭대로 지하 666(갈마동),대전교통공사,전체_도시철도역사정보_20260228
station_unique:20,갈매역,경춘선,37.634135,127.114803,경기도 구리시 갈매동 경춘북로 229(갈매동 502-18),한국철도공사,전체_도시철도역사정보_20260228
station_unique:21,갈산,인천지하철 1호선,37.517124,126.721566,인천광역시 부평구 부평대로 286,인천교통공사,전체_도시철도역사정보_20260228
station_unique:22,감삼,대구 도시철도 2호선,35.8543251,128.547905,달서구 달구벌대로 지하1665 (감삼동),대구교통공사,전체_도시철도역사정보_20260228
station_unique:23,감전,부산 도시철도 2호선,35.15553,128.99114,부산광역시 사상구 사상로 지하 93-1,부산광역시 부산교통공사,전체_도시철도역사정보_20260228
station_unique:24,갑천,대전 도시철도 1호선,36.354578,127.354467,대전광역시 서구 갑천도시고속도로 지하 1833(월평동),대전교통공사,전체_도시철도역사정보_20260228
station_unique:25,강남,신분당선,37.49738544,127.0278789,서울특별시 강남구 강남대로 지하 396,경기도 신분당선,전체_도시철도역사정보_20260228
station_unique:26,강남,2호선,37.49805,127.02795,서울특별시 강남구 강남대로 지하396(역삼동),서울교통공사,전체_도시철도역사정보_20260228
station_unique:27,강남구청,7호선,37.517185,127.04122,서울특별시 강남구 학동로 지하346(삼성동),서울교통공사,전체_도시철도역사정보_20260228
station_unique:28,강남구청역,분당선,37.516572,127.041575,서울시 강남구 학동로 지하 364,한국철도공사,전체_도시철도역사정보_20260228
station_unique:29,강남대,에버라인,37.27017073,127.1260669,경기도 용인시 기흥구 중부대로 578,경기도 용인경전철,전체_도시철도역사정보_20260228
station_unique:30,강동,5호선,37.53581,127.13249,서울특별시 강동구 천호대로 지하1097(천호동),서울교통공사,전체_도시철도역사정보_20260228
station_unique:31,강동구청,8호선,37.530348,127.120461,서울특별시 강동구 올림픽로 지하550(성내동),서울교통공사,전체_도시철도역사정보_20260228
station_unique:32,강매역,경의중앙선,37.612396,126.844537,경기도 고양시 덕양구 소원로 202,한국철도공사,전체_도시철도역사정보_20260228
station_unique:33,강변(동서울터미널),2호선,37.535161,127.094684,서울특별시 광진구 강변역로 53(구의동),서울교통공사,전체_도시철도역사정보_20260228
station_unique:34,강서구청,부산 도시철도 3호선,35.21125,128.98175,부산광역시 강서구 낙동북로 485,부산광역시 부산교통공사,전체_도시철도역사정보_20260228
station_unique:35,강일,5호선,37.557521,127.176018,서울특별시 강동구 고덕로 지하456(강일동),서울교통공사,전체_도시철도역사정보_20260228
station_unique:36,강창,대구 도시철도 2호선,35.8531116,128.4789997,달서구 달구벌대로 지하1014 (호산동),대구교통공사,전체_도시철도역사정보_20260228
station_unique:37,강촌역,경춘선,37.805728,127.634054,강원도 춘춘시 남산면 강촌로 150(방곡리 409),한국철도공사,전체_도시철도역사정보_20260228
station_unique:38,개금,부산 도시철도 2호선,35.15325,129.02056,부산광역시 부산진구 가야대로 지하 442,부산광역시 부산교통공사,전체_도시철도역사정보_20260228
station_unique:39,개롱,5호선,37.498097,127.134817,서울특별시 송파구 오금로 지하402(가락동),서울교통공사,전체_도시철도역사정보_20260228
station_unique:40,개봉역,경인선,37.494698,126.858504,서울시 구로구 경인로 40길 47,한국철도공사,전체_도시철도역사정보_20260228
station_unique:41,개운포역,동해선,35.507884,129.321097,울산시 남구 상개리 97-1,한국철도공사,전체_도시철도역사정보_20260228
station_unique:42,개포동역,분당선,37.489112,127.066027,서울시 강남구 개포동 지하 420(개포동),한국철도공사,전체_도시철도역사정보_20260228
station_unique:43,개화,서울 도시철도 9호선,37.578591,126.797833,서울특별시 강서구 개화동로8길 19,서울특별시 서울시메트로9호선㈜,전체_도시철도역사정보_20260228
station_unique:44,개화산,5호선,37.572458,126.806838,서울특별시 강서구 양천로 22(방화동),서울교통공사,전체_도시철도역사정보_20260228
station_unique:45,거여,5호선,37.493208,127.143983,서울특별시 송파구 오금로 지하499(거여동),서울교통공사,전체_도시철도역사정보_20260228
station_unique:46,거제,부산 도시철도 3호선,35.18858,129.07394,부산광역시 연제구 월드컵대로 지하 209,부산광역시 부산교통공사,전체_도시철도역사정보_20260228
station_unique:47,거제역,동해선,35.18958,129.074385,부산광역시 연제구 거제동 419-2,한국철도공사,전체_도시철도역사정보_20260228
station_unique:48,거제해맞이역,동해선,35.181197,129.069015,부산광역시 연제구 거제동 619-1,한국철도공사,전체_도시철도역사정보_20260228
station_unique:49,건대입구,2호선,37.540408,127.069231,서울특별시 광진구 아차산로 243(화양동),서울교통공사,전체_도시철도역사정보_20260228
station_unique:50,건대입구,7호선,37.540882,127.071103,서울특별시 광진구 능동로 지하110(화양동),서울교통공사,전체_도시철도역사정보_20260228
station_unique:51,건들바위,대구 도시철도 3호선,35.85538252,128.5996903, 남구 명덕로 260(이천동),대구교통공사,전체_도시철도역사정보_20260228
station_unique:52,걸포북변역,김포도시철도,37.631639,126.70575,경기도 김포시 김포대로 지하 1040,김포골드라인에스알에스㈜,전체_도시철도역사정보_20260228
station_unique:53,검단사거리,인천지하철 2호선,37.601693,126.656545,인천광역시 서구 검단로 473 (왕길동),인천교통공사,전체_도시철도역사정보_20260228
station_unique:54,검단오류,인천지하철 2호선,37.5950162,126.62801,인천광역시 서구 검단로 187 (오류동),인천교통공사,전체_도시철도역사정보_20260228
station_unique:55,검단호수공원,인천지하철 1호선,37.6025,126.688056,인천광역시 서구 불로동 608-16,인천교통공사,전체_도시철도역사정보_20260228
station_unique:56,검바위,인천지하철 2호선,37.561091,126.677529,인천광역시 서구 서곶로 492 (검암동),인천교통공사,전체_도시철도역사정보_20260228
station_unique:57,검암,인천지하철 2호선,37.568611,126.675682,인천광역시 서구 검바위로 4 (검암동),인천교통공사,전체_도시철도역사정보_20260228
station_unique:58,검암,인천국제공항선,37.56915547,126.6735357,인천광역시 서구 검바위로 26,공항철도주식회사,전체_도시철도역사정보_20260228
station_unique:59,경기광주역,경강선,37.398974,127.253201,경기도 광주시 광주역로 10 경기광주역사,한국철도공사,전체_도시철도역사정보_20260228
station_unique:60,경기도청북부청사,의정부,37.75073213,127.0714795,경기도 의정부시 장곡로 615,의정부경량전철㈜,전체_도시철도역사정보_20260228
station_unique:61,경대병원,대구 도시철도 2호선,35.863102,128.60316,중구 달구벌대로 지하2190 (삼덕동),대구교통공사,전체_도시철도역사정보_20260228
station_unique:62,경마공원역,안산과천선,37.443987,127.007899,경기도 과천시 경마공원대로 105,한국철도공사,전체_도시철도역사정보_20260228
station_unique:63,경복궁(정부서울청사),3호선,37.575844,126.973576,서울특별시 종로구 사직로 지하130(적선동),서울교통공사,전체_도시철도역사정보_20260228
station_unique:64,경산역,대경선,35.8192,128.7276,경북 경산시 중앙로1,한국철도공사,전체_도시철도역사정보_20260228
station_unique:65,경성대·부경대,부산 도시철도 2호선,35.13757,129.10055,부산광역시 남구 수영로 지하 324,부산광역시 부산교통공사,전체_도시철도역사정보_20260228
station_unique:66,경인교대입구,인천지하철 1호선,37.538272,126.722603,인천광역시 계양구 계양대로 162,인천교통공사,전체_도시철도역사정보_20260228
station_unique:67,경전철의정부,의정부,37.73729974,127.043321,경기도 의정부시 신흥로 237,의정부경량전철㈜,전체_도시철도역사정보_20260228
station_unique:68,경찰병원,3호선,37.495754,127.124198,서울특별시 송파구 중대로 지하149(가락동),서울교통공사,전체_도시철도역사정보_20260228
station_unique:69,계명대,대구 도시철도 2호선,35.85146491,128.491969,달서구 달구벌대로 지하1140 (신당동),대구교통공사,전체_도시철도역사정보_20260228
station_unique:70,계산,인천지하철 1호선,37.543243,126.728436,인천광역시 계양구 경명대로 1089,인천교통공사,전체_도시철도역사정보_20260228
station_unique:71,계양,인천지하철 1호선,37.571539,126.736319,인천광역시 계양구 다남로 24,인천교통공사,전체_도시철도역사정보_20260228
station_unique:72,계양,인천국제공항선,37.571769,126.736319,인천광역시 계양구 다남로 24,공항철도주식회사,전체_도시철도역사정보_20260228
station_unique:73,고덕,5호선,37.555002,127.154214,서울특별시 강동구 고덕로 지하253(고덕동),서울교통공사,전체_도시철도역사정보_20260228
station_unique:74,고려대(종암),6호선,37.59034,127.03626,서울특별시 성북구 종암로 지하1(종암동),서울교통공사,전체_도시철도역사정보_20260228
station_unique:75,고산,대구 도시철도 2호선,35.842955,128.69335,수성구 달구벌대로 지하3080 (시지동),대구교통공사,전체_도시철도역사정보_20260228
station_unique:76,고색역,수인선,37.249829,126.9805899,경기도 수원시 권선구 매송고색로 지하690(고색동),한국철도공사,전체_도시철도역사정보_20260228
station_unique:77,고속터미널,7호선,37.503387,127.005055,서울특별시 서초구 신반포로 지하188(반포동),서울교통공사,전체_도시철도역사정보_20260228
station_unique:78,고속터미널,3호선,37.504953,127.004916,서울특별시 서초구 신반포로 지하188(반포동),서울교통공사,전체_도시철도역사정보_20260228
station_unique:79,고속터미널,서울 도시철도 9호선,37.505933,127.004044,서울특별시 서초구 신반포로 지하188,서울특별시 서울시메트로9호선㈜,전체_도시철도역사정보_20260228
station_unique:80,고잔역,수인선|안산과천선,37.316821,126.823094,경기도 안산시 단원구 중앙대로 784 ,한국철도공사,전체_도시철도역사정보_20260228
station_unique:81,고진,에버라인,37.24463834,127.2141836,경기도 용인시 처인구 경안천로 141,경기도 용인경전철,전체_도시철도역사정보_20260228
station_unique:82,고촌,부산 경량도시철도 4호선,35.23603,129.1605,부산광역시 기장군 철마면 반송로 991,부산광역시 부산교통공사,전체_도시철도역사정보_20260228
station_unique:83,고촌역,김포도시철도,37.60125,126.770361,경기도 김포시 고촌읍 김포대로 지하 350,김포골드라인에스알에스㈜,전체_도시철도역사정보_20260228
station_unique:84,곡산역,경의중앙선|서해선,37.645729,126.801877,경기도 고양시 일산동구 경의로 160(백석동),한국철도공사,전체_도시철도역사정보_20260228
station_unique:85,곤제,의정부,37.75054343,127.0838651,경기도 의정부시 천보로 173,의정부경량전철㈜,전체_도시철도역사정보_20260228
station_unique:86,곤지암역,경강선,37.350525,127.346186,경기도 광주시 곤지암천로 333,한국철도공사,전체_도시철도역사정보_20260228
station_unique:87,공단,대구 도시철도 3호선,35.892,128.5536, 북구 팔달로 28(비산동),대구교통공사,전체_도시철도역사정보_20260228
station_unique:88,공덕,인천국제공항선,37.5427105,126.9516296,서울특별시 마포구 마포대로 92,공항철도주식회사,전체_도시철도역사정보_20260228
station_unique:89,공덕,6호선,37.543592,126.951664,서울특별시 마포구 백범로 지하200(공덕동),서울교통공사,전체_도시철도역사정보_20260228
station_unique:90,공덕,5호선,37.544005,126.951058,서울특별시 마포구 마포대로 지하100(공덕동),서울교통공사,전체_도시철도역사정보_20260228
station_unique:91,공덕역,경의중앙선,37.542711,126.952134,서울시 마포구 공덕동 마포대로 92,한국철도공사,전체_도시철도역사정보_20260228
station_unique:92,공릉(서울과학기술대),7호선,37.625642,127.072969,서울특별시 노원구 동일로 지하1074(공릉동),서울교통공사,전체_도시철도역사정보_20260228
station_unique:93,공항,광주도시철도 1호선,35.144179,126.81153,광주광역시 광산구 상무대로 지하 416-99(신촌동),광주교통공사,전체_도시철도역사정보_20260228
station_unique:94,공항,부산김해경전철,35.171906,128.948586,부산광역시 강서구 공항진입로 165,부산-김해경전철㈜,전체_도시철도역사정보_20260228
station_unique:95,공항시장,서울 도시철도 9호선,37.563726,126.810678,서울특별시 강서구 방화동로 지하30,서울특별시 서울시메트로9호선㈜,전체_도시철도역사정보_20260228
station_unique:96,공항화물청사,인천국제공항선,37.45902611,126.4774333,인천광역시 중구 공항동로135번길 86,공항철도주식회사,전체_도시철도역사정보_20260228
station_unique:97,과천역,안산과천선,37.432805,126.996404,경기도 과천시 별양로 지하 177,한국철도공사,전체_도시철도역사정보_20260228
station_unique:98,관악산,수도권 경량도시철도 신림선,37.46916896,126.944954837,서울특별시 관악구 신림로 23 (신림동),남서울경전철 주식회사,전체_도시철도역사정보_20260228
station_unique:99,관악역,경부선,37.419578,126.908476,경기도 안양시 만안구 경수대로 1273번길 46,한국철도공사,전체_도시철도역사정보_20260228
station_unique:100,광교(경기대),신분당선,37.30173474,127.0448561,경기도 수원시 영통구 대학로 55 신분당선 광교역,경기도 신분당선,전체_도시철도역사정보_20260228
station_unique:101,광교중앙(아주대),신분당선,37.2884537,127.051609,경기도 수원시 영통구 도청로 지하45,경기도 신분당선,전체_도시철도역사정보_20260228
station_unique:102,광나루(장신대),5호선,37.545301,127.103478,서울특별시 광진구 아차산로 지하571(광장동),서울교통공사,전체_도시철도역사정보_20260228
station_unique:103,광명사거리,7호선,37.47927,126.854854,경기도 광명시 오리로 지하980(광명동),서울교통공사,전체_도시철도역사정보_20260228
station_unique:104,광명역,경부선,37.415995,126.884523,경기도 광명시 광명역로 21,한국철도공사,전체_도시철도역사정보_20260228
station_unique:105,광안,부산 도시철도 2호선,35.15792,129.113197,부산광역시 수영구 수영로 지하 576,부산광역시 부산교통공사,전체_도시철도역사정보_20260228
station_unique:106,광운대역,경원선,37.62357,127.06181,서울시 노원구 석계로 98-2(광운대역),한국철도공사,전체_도시철도역사정보_20260228
station_unique:107,광운대역,경춘선,37.623635,127.061975,서울시 노원구 석계로 98-2(광운대역),한국철도공사,전체_도시철도역사정보_20260228
station_unique:108,광운대역,경의중앙선,37.6239,127.062,서울시 노원구 석계로 98-2(광운대역),한국철도공사,전체_도시철도역사정보_20260228
station_unique:109,광주송정역,광주도시철도 1호선,35.137529,126.791488,광주광역시 광산구 상무대로 지하 201-99(송정동),광주교통공사,전체_도시철도역사정보_20260228
station_unique:110,광화문(세종문화회관),5호선,37.571645,126.976568,서울특별시 종로구 세종대로 지하172(세종로),서울교통공사,전체_도시철도역사정보_20260228
station_unique:111,광흥창(서강),6호선,37.547464,126.931971,서울특별시 마포구 독막로 지하165(창전동),서울교통공사,전체_도시철도역사정보_20260228
station_unique:112,괘법르네시떼,부산김해경전철,35.1632616,128.9776836,부산광역시 사상구 광장로 9,부산-김해경전철㈜,전체_도시철도역사정보_20260228
station_unique:113,괴정,부산 도시철도 1호선,35.1,128.9925,부산광역시 사하구 낙동대로 지하 221,부산광역시 부산교통공사,전체_도시철도역사정보_20260228
station_unique:114,교대,부산 도시철도 1호선,35.19583,129.08,부산광역시 연제구 중앙대로 지하 1217,부산광역시 부산교통공사,전체_도시철도역사정보_20260228
station_unique:115,교대,대구 도시철도 1호선,35.8510953,128.590643,남구 중앙대로 지하194 (대명동),대구교통공사,전체_도시철도역사정보_20260228
station_unique:116,교대(법원·검찰청),3호선,37.49306,127.013796,서울특별시 서초구 서초대로 지하294(서초동),서울교통공사,전체_도시철도역사정보_20260228
station_unique:117,교대(법원·검찰청),2호선,37.493957,127.014431,서울특별시 서초구 서초대로 지하294(서초동),서울교통공사,전체_도시철도역사정보_20260228
station_unique:118,교대역,동해선,35.1938,129.07958,부산시 연제구 중앙대로 1196,한국철도공사,전체_도시철도역사정보_20260228
station_unique:119,구남,부산 도시철도 2호선,35.19681,128.99492,부산광역시 북구 백양대로 지하 1026,부산광역시 부산교통공사,전체_도시철도역사정보_20260228
station_unique:120,구래역,김포도시철도,37.645354,126.6285,경기도 김포시 김포한강7로 87,김포골드라인에스알에스㈜,전체_도시철도역사정보_20260228
station_unique:121,구로디지털단지,2호선,37.4852931,126.901456,서울특별시 구로구 도림천로 477(구로동),서울교통공사,전체_도시철도역사정보_20260228
station_unique:122,구로역,경부선,37.503178,126.882037,서울시 구로구 구로중앙로 174,한국철도공사,전체_도시철도역사정보_20260228
station_unique:123,구룡역,분당선,37.486985,127.059496,서울시 강남구 개포동 175-3,한국철도공사,전체_도시철도역사정보_20260228
station_unique:124,구리(구리전통시장),8호선,37.60256,127.14073,인창동 675-1 일원(구리역공원),구리도시공사,전체_도시철도역사정보_20260228
station_unique:125,구리역,경의중앙선,37.60326,127.143373,경기도 구리시 건원대로 34번길 32-29(인창동 244-2),한국철도공사,전체_도시철도역사정보_20260228
station_unique:126,구명,부산 도시철도 2호선,35.20253,128.99931,부산광역시 북구 백양대로 지하 1094,부산광역시 부산교통공사,전체_도시철도역사정보_20260228
station_unique:127,구미역,대경선,36.128278,128.331071,경북 구미시 구미중앙로 76,한국철도공사,전체_도시철도역사정보_20260228
station_unique:128,구반포,서울 도시철도 9호선,37.501389,126.987222,서울특별시 서초구 신반포로 지하17,서울특별시 서울시메트로9호선㈜,전체_도시철도역사정보_20260228
station_unique:129,구산,6호선,37.611196,126.9172519,서울특별시 은평구 연서로 지하137-1(구산동),서울교통공사,전체_도시철도역사정보_20260228
station_unique:130,구서,부산 도시철도 1호선,35.247407,129.091327,부산광역시 금정구 금정로 233번길 46,부산광역시 부산교통공사,전체_도시철도역사정보_20260228
station_unique:131,구성역,분당선,37.299013,127.105664,경기도 용인시 기흥구 용구대로 2403,한국철도공사,전체_도시철도역사정보_20260228
station_unique:132,구암,대전 도시철도 1호선,36.356605,127.33083,대전광역시 유성구 유성대로 703(구암동),대전교통공사,전체_도시철도역사정보_20260228
station_unique:133,구암(과학대보건대입구),대구 도시철도 3호선,35.92574223,128.5503415, 북구 팔거천동로 1(구암동),대구교통공사,전체_도시철도역사정보_20260228
station_unique:134,구의(광진구청),2호선,37.537157,127.0862124,서울특별시 광진구 아차산로 384-1(구의동),서울교통공사,전체_도시철도역사정보_20260228
station_unique:135,구일역,경인선,37.495973,126.869201,서울시 구로구 구일로 133,한국철도공사,전체_도시철도역사정보_20260228
station_unique:136,구파발,3호선,37.636612,126.918827,서울특별시 은평구 진관2로 지하15-25 (진관동),서울교통공사,전체_도시철도역사정보_20260228
station_unique:137,구포,부산 도시철도 3호선,35.20644,128.99631,부산광역시 북구 낙동대로 1697,부산광역시 부산교통공사,전체_도시철도역사정보_20260228
station_unique:138,국수역,경의중앙선,37.516171,127.399402,경기도 양평군 양서면 국수역길 45,한국철도공사,전체_도시철도역사정보_20260228
station_unique:139,국제금융센터·부산은행,부산 도시철도 2호선,35.14583,129.06672,부산광역시 남구 전포대로 지하97 ,부산광역시 부산교통공사,전체_도시철도역사정보_20260228
station_unique:140,국제업무지구,인천지하철 1호선,37.400421,126.630105,인천광역시 연수구 인천타워대로 334,인천교통공사,전체_도시철도역사정보_20260228
station_unique:141,국회의사당,서울 도시철도 9호선,37.528105,126.917874,서울특별시 영등포구 국회대로 지하758,서울특별시 서울시메트로9호선㈜,전체_도시철도역사정보_20260228
station_unique:142,군자(능동),5호선,37.557102,127.079559,서울특별시 광진구 천호대로 지하550(능동),서울교통공사,전체_도시철도역사정보_20260228
station_unique:143,군자(능동),7호선,37.557151,127.079484,서울특별시 광진구 천호대로 지하550(능동),서울교통공사,전체_도시철도역사정보_20260228
station_unique:144,군포역,경부선,37.353732,126.948517,경기도 군포시 군포역1길 27,한국철도공사,전체_도시철도역사정보_20260228
station_unique:145,굴봉산역,경춘선,37.832086,127.557732,강원도 춘천시 남산면 서백길 192(백양리 588-30),한국철도공사,전체_도시철도역사정보_20260228
station_unique:146,굴포천,도시철도 7호선,37.50695,126.731481,인천광역시 부평구 길주로 지하 623 (삼산동),인천교통공사,전체_도시철도역사정보_20260228
station_unique:147,굽은다리(강동구민회관앞),5호선,37.545442,127.142844,서울특별시 강동구 양재대로 지하1572(명일동),서울교통공사,전체_도시철도역사정보_20260228
station_unique:148,귤현,인천지하철 1호선,37.566362,126.742498,인천광역시 계양구 장제로 1136,인천교통공사,전체_도시철도역사정보_20260228
station_unique:149,금곡,부산 도시철도 2호선,35.26733,129.01686,부산광역시 북구 금곡대로 685,부산광역시 부산교통공사,전체_도시철도역사정보_20260228
station_unique:150,금곡역,경춘선,37.637414,127.207931,경기도 남양주시 경춘로 903(금곡동 404-276),한국철도공사,전체_도시철도역사정보_20260228
station_unique:151,금남로4가,광주도시철도 1호선,35.150976,126.914446,광주광역시 동구 금남로 지하 210(금남로4가),광주교통공사,전체_도시철도역사정보_20260228
station_unique:152,금남로5가,광주도시철도 1호선,35.153658,126.910033,광주광역시 북구 금남로 지하 138(북동),광주교통공사,전체_도시철도역사정보_20260228
station_unique:153,금련산,부산 도시철도 2호선,35.14989,129.111008,부산광역시 수영구 수영로 지하 482,부산광역시 부산교통공사,전체_도시철도역사정보_20260228
station_unique:154,금릉역,경의중앙선,37.751295,126.765401,경기도 파주시 금릉역로85,한국철도공사,전체_도시철도역사정보_20260228
station_unique:155,금사,부산 경량도시철도 4호선,35.21583,129.11517,부산광역시 금정구 반송로 지하 465,부산광역시 부산교통공사,전체_도시철도역사정보_20260228
station_unique:156,금정역,경부선,37.371957,126.943411,경기도 군포시 군포로 750,한국철도공사,전체_도시철도역사정보_20260228
station_unique:157,금정역,안산과천선,37.371957,126.943611,경기도 군포시 군포로 750,한국철도공사,전체_도시철도역사정보_20260228
station_unique:158,금천구청역,경부선,37.45576,126.894344,서울시 금천구 시흥대로 63길 91,한국철도공사,전체_도시철도역사정보_20260228
station_unique:159,금촌역,경의중앙선,37.766106,126.774515,경기도 파주시 새꽃로 193,한국철도공사,전체_도시철도역사정보_20260228
station_unique:160,금호,3호선,37.548269,127.015785,서울특별시 성동구 동호로 지하104(금호동4가),서울교통공사,전체_도시철도역사정보_20260228
station_unique:161,기장역,동해선,35.244627,129.2188951,부산시 기장군 기장읍 차성로288번길 86,한국철도공사,전체_도시철도역사정보_20260228
station_unique:162,기흥(백남준아트센터),에버라인,37.27545288,127.1170465,경기도 용인시 기흥구 중부대로 460,경기도 용인경전철,전체_도시철도역사정보_20260228
station_unique:163,기흥역,분당선,37.275657,127.115944,경기도 용인시 중부대로 460,한국철도공사,전체_도시철도역사정보_20260228
station_unique:164,길동,5호선,37.538022,127.140085,서울특별시 강동구 양재대로 지하1480(길동),서울교통공사,전체_도시철도역사정보_20260228
station_unique:165,길음,4호선,37.603387,127.025053,서울특별시 성북구 동소문로 지하248(길음동),서울교통공사,전체_도시철도역사정보_20260228
station_unique:166,김대중컨벤션센터(마륵),광주도시철도 1호선,35.143214,126.841442,광주광역시 서구 상무대로 지하 705(마륵동),광주교통공사,전체_도시철도역사정보_20260228
station_unique:167,김량장,에버라인,37.23732377,127.1986109,경기도 용인시 처인구 금학로 315,경기도 용인경전철,전체_도시철도역사정보_20260228
station_unique:168,김유정역,경춘선,37.818475,127.714302,강원도 춘천시 신동면 김유정로 1435(신동면 증리 859-3),한국철도공사,전체_도시철도역사정보_20260228
station_unique:169,김포공항,서울 도시철도 9호선,37.562056,126.801633,서울특별시 강서구 하늘길 지하77,서울특별시 서울시메트로9호선㈜,전체_도시철도역사정보_20260228
station_unique:170,김포공항,인천국제공항선,37.56211652,126.8015442,서울특별시 강서구 하늘길 77,공항철도주식회사,전체_도시철도역사정보_20260228
station_unique:171,김포공항,5호선,37.56217,126.801273,서울특별시 강서구 하늘길 지하77(방화동),서울교통공사,전체_도시철도역사정보_20260228
station_unique:172,김포공항역,서해선,37.5621179,126.804056,서울특별시 강서구 하늘길 지하 77,한국철도공사,전체_도시철도역사정보_20260228
station_unique:173,김포공항역,김포도시철도,37.562309,126.801833,서울특별시 강서구 하늘길 지하 77,김포골드라인에스알에스㈜,전체_도시철도역사정보_20260228
station_unique:174,김해대학,부산김해경전철,35.22899,128.915612,경상남도 김해시 김해대로 2641,부산-김해경전철㈜,전체_도시철도역사정보_20260228
station_unique:175,김해시청,부산김해경전철,35.227103,128.89041,경상남도 김해시 김해대로 2408,부산-김해경전철㈜,전체_도시철도역사정보_20260228
station_unique:176,까치산,5호선,37.5322,126.84645,서울특별시 강서구 강서로 지하54(화곡동),서울교통공사,전체_도시철도역사정보_20260228
station_unique:177,까치울,도시철도 7호선,37.506236,126.81095,경기도 부천시 원미구 길주로 지하 626 (춘의동),인천교통공사,전체_도시철도역사정보_20260228
station_unique:178,낙민,부산 경량도시철도 4호선,35.20025,129.09078,부산광역시 동래구 충렬대로 지하 285,부산광역시 부산교통공사,전체_도시철도역사정보_20260228
station_unique:179,낙성대(강감찬),2호선,37.47713,126.963583,서울특별시 관악구 남부순환로 지하1928(봉천동),서울교통공사,전체_도시철도역사정보_20260228
station_unique:180,남광주,광주도시철도 1호선,35.1389849,126.92318,광주광역시 동구 제봉로 지하 14(학동),광주교통공사,전체_도시철도역사정보_20260228
station_unique:181,남구로,7호선,37.486181,126.887372,서울특별시 구로구 도림로 지하7(구로동) ,서울교통공사,전체_도시철도역사정보_20260228
station_unique:182,남동구청,인천지하철 2호선,37.448179,126.736581,인천광역시 남동구 인주대로 지하 889 (만수동),인천교통공사,전체_도시철도역사정보_20260228
station_unique:183,남동인더스파크역,수인선,37.407668,126.695613,인천시 남동구 은청로 17,한국철도공사,전체_도시철도역사정보_20260228
station_unique:184,남부터미널(예술의전당),3호선,37.48494,127.016289,서울특별시 서초구 서초중앙로 지하31(서초동),서울교통공사,전체_도시철도역사정보_20260228
station_unique:185,남산,부산 도시철도 1호선,35.26528,129.0925,부산광역시 금정구 중앙대로 지하2019-1 ,부산광역시 부산교통공사,전체_도시철도역사정보_20260228
station_unique:186,남산(계명네거리),대구 도시철도 3호선,35.85668979,128.5834576, 중구 남산로 2(남산동),대구교통공사,전체_도시철도역사정보_20260228
station_unique:187,남산정,부산 도시철도 3호선,35.21333,129.02392,부산광역시 북구 만덕대로 지하 179,부산광역시 부산교통공사,전체_도시철도역사정보_20260228
station_unique:188,남성,7호선,37.484688,126.971108,서울특별시 동작구 사당로 지하218(사당동),서울교통공사,전체_도시철도역사정보_20260228
station_unique:189,남양산,부산 도시철도 2호선,35.32533,129.01942,경상남도 양산시 동면 메기로 380,부산광역시 부산교통공사,전체_도시철도역사정보_20260228
station_unique:190,남영역,경부선,37.540597,126.971171,서울시 용산구 한강대로 77길 25(갈월동),한국철도공사,전체_도시철도역사정보_20260228
station_unique:191,남위례,8호선,37.462839,127.139047,경기도 성남시 수정구 공원로 601(복정동),서울교통공사,전체_도시철도역사정보_20260228
station_unique:192,남창역,동해선,35.419713,129.28223,울산시 울주군 온양읍 남창리 42-36,한국철도공사,전체_도시철도역사정보_20260228
station_unique:193,남천,부산 도시철도 2호선,35.14217,129.10797,부산광역시 수영구 수영로 지하 410,부산광역시 부산교통공사,전체_도시철도역사정보_20260228
station_unique:194,남춘천역,경춘선,37.864071,127.723761,강원도 춘천시 영서로 2260(퇴계동 633-2),한국철도공사,전체_도시철도역사정보_20260228
station_unique:195,남태령,4호선,37.464339,126.989081,서울특별시 서초구 과천대로 지하816(방배동),서울교통공사,전체_도시철도역사정보_20260228
station_unique:196,남포,부산 도시철도 1호선,35.09778,129.03472,부산광역시 중구 구덕로 지하 12,부산광역시 부산교통공사,전체_도시철도역사정보_20260228
station_unique:197,남한산성입구(성남법원·검찰청),8호선,37.451568,127.159845,경기도 성남시 수정구 산성대로 지하445(단대동),서울교통공사,전체_도시철도역사정보_20260228
station_unique:198,낫개,부산 도시철도 1호선,35.065179,128.979702,부산광역시 사하구 다대로 지하422,부산광역시 부산교통공사,전체_도시철도역사정보_20260228
station_unique:199,내당,대구 도시철도 2호선,35.860194,128.564593,달서구 달구벌대로 지하1900 (두류동),대구교통공사,전체_도시철도역사정보_20260228
station_unique:200,내방,7호선,37.48764,126.993541,서울특별시 서초구 서초대로 지하103(방배동),서울교통공사,전체_도시철도역사정보_20260228
station_unique:201,냉정,부산 도시철도 2호선,35.15125,129.01228,부산광역시 사상구 가야대로 지하 362-1,부산광역시 부산교통공사,전체_도시철도역사정보_20260228
station_unique:202,노들,서울 도시철도 9호선,37.512726,126.953096,서울특별시 동작구 노량진로 지하238 (본동),서울특별시 서울시메트로9호선㈜,전체_도시철도역사정보_20260228
station_unique:203,노량진,서울 도시철도 9호선,37.513667,126.940917,서울특별시 동작구 노량진로 지하130,서울특별시 서울시메트로9호선㈜,전체_도시철도역사정보_20260228
station_unique:204,노량진역,경부선,37.514072,126.941671,서울시 동작구 노량진로 151,한국철도공사,전체_도시철도역사정보_20260228
station_unique:205,노원,7호선,37.654478,127.060555,서울특별시 노원구 동일로 지하1409(상계동),서울교통공사,전체_도시철도역사정보_20260228
station_unique:206,노원,4호선,37.656274,127.063183,서울특별시 노원구 상계로 69-1(상계동),서울교통공사,전체_도시철도역사정보_20260228
station_unique:207,노은,대전 도시철도 1호선,36.37415,127.317835,대전광역시 유성구 노은로 지하 161(지족동),대전교통공사,전체_도시철도역사정보_20260228
station_unique:208,노포,부산 도시철도 1호선,35.28361,129.095,부산광역시 금정구 중앙대로 2238,부산광역시 부산교통공사,전체_도시철도역사정보_20260228
station_unique:209,녹동,광주도시철도 1호선,35.107028,126.933932,광주광역시 동구 녹동길 45(용산동),광주교통공사,전체_도시철도역사정보_20260228
station_unique:210,녹번,3호선,37.600882,126.935758,서울특별시 은평구 통일로 지하602-1(녹번동),서울교통공사,전체_도시철도역사정보_20260228
station_unique:211,녹사평(용산구청),6호선,37.53469,126.98665,서울특별시 용산구 녹사평대로 지하195(용산동4가),서울교통공사,전체_도시철도역사정보_20260228
station_unique:212,녹양역,경원선,37.759416,127.042272,경기도 의정부시 평화로 757(녹양동 973),한국철도공사,전체_도시철도역사정보_20260228
station_unique:213,녹천역,경원선,37.644599,127.051406,서울시 도봉구 덕릉로 376(창동),한국철도공사,전체_도시철도역사정보_20260228
station_unique:214,논현,신분당선,37.5108115,127.0213658,서울특별시 강남구 강남대로 492-2,경기도 신분당선,전체_도시철도역사정보_20260228
station_unique:215,논현,7호선,37.511108,127.021385,서울특별시 강남구 학동로 지하102(논현동),서울교통공사,전체_도시철도역사정보_20260228
station_unique:216,농성,광주도시철도 1호선,35.153363,126.883973,광주광역시 서구 상무대로 지하 1123(농성동),광주교통공사,전체_도시철도역사정보_20260228
station_unique:217,능곡역,서해선,37.618741,126.8206,경기도 고양시 덕양구 토당로 35(토당동 454-3),한국철도공사,전체_도시철도역사정보_20260228
station_unique:218,능곡역,경의중앙선,37.618741,126.82089,경기도 고양시 덕양구 토당로 35(토당동 454-3),한국철도공사,전체_도시철도역사정보_20260228
station_unique:219,능길역,수인선|안산과천선,37.337488,126.767306,경기도 안산시 단원구 황고개로 2,한국철도공사,전체_도시철도역사정보_20260228
station_unique:220,다대포항,부산 도시철도 1호선,35.057288,128.971151,부산광역시 사하구 다대로 지하 548,부산광역시 부산교통공사,전체_도시철도역사정보_20260228
station_unique:221,다대포해수욕장,부산 도시철도 1호선,35.048229,128.965919,부산광역시 사하구 다대로 지하 692,부산광역시 부산교통공사,전체_도시철도역사정보_20260228
station_unique:222,다사,대구 도시철도 2호선,35.86495301,128.4582876,달성군 다사읍 다사역로 지하30 ,대구교통공사,전체_도시철도역사정보_20260228
station_unique:223,다산역,수도권 광역철도 8호선,37.62437,127.1498,경기도 남양주 다산중앙로 123번길(다산동),남양주도시공사,전체_도시철도역사정보_20260228
station_unique:224,단대오거리,8호선,37.445057,127.156735,경기도 성남시 수정구 산성대로 지하365(신흥동),서울교통공사,전체_도시철도역사정보_20260228
station_unique:225,달미역,서해선,37.3490003,126.809318,경기도 안산시 단원구 순환로 지하 160,한국철도공사,전체_도시철도역사정보_20260228
station_unique:226,달성공원,대구 도시철도 3호선,35.87573001,128.5821218, 중구 달성로 116(수창동),대구교통공사,전체_도시철도역사정보_20260228
station_unique:227,달월역,수인선,37.379993,126.745431,경기도 시흥시 서해안로 736번길 55(월곶동),한국철도공사,전체_도시철도역사정보_20260228
station_unique:228,담티(수성대·대륜),대구 도시철도 2호선,35.854841,128.654151,수성구 달구벌대로 지하2672 (만촌동),대구교통공사,전체_도시철도역사정보_20260228
station_unique:229,답십리,5호선,37.566833,127.05266,서울특별시 성동구 천호대로 지하300(용답동),서울교통공사,전체_도시철도역사정보_20260228
station_unique:230,당곡,수도권 경량도시철도 신림선,37.490039105,126.927568759,서울특별시 관악구 보라매로 6 (봉천동),남서울경전철 주식회사,전체_도시철도역사정보_20260228
station_unique:231,당리,부산 도시철도 1호선,35.10333,128.97417,부산광역시 사하구 낙동대로 지하 405,부산광역시 부산교통공사,전체_도시철도역사정보_20260228
station_unique:232,당산,서울 도시철도 9호선,37.533844,126.902222,서울특별시 영등포구 양평로 지하40,서울특별시 서울시메트로9호선㈜,전체_도시철도역사정보_20260228
station_unique:233,당산,2호선,37.534807,126.902611,서울특별시 영등포구 당산로 229(당산동6가),서울교통공사,전체_도시철도역사정보_20260228
station_unique:234,당정역,경부선,37.34338,126.948388,경기도 군포시 당정역로 91,한국철도공사,전체_도시철도역사정보_20260228
station_unique:235,대곡(정부대구청사),대구 도시철도 1호선,35.809571,128.51257,달서구 비슬로 지하2718 (대곡동),대구교통공사,전체_도시철도역사정보_20260228
station_unique:236,대곡역,서해선,37.631629,126.809802,경기도 고양시 덕양구 대주로 107번길 71-81(대장동 420-1),한국철도공사,전체_도시철도역사정보_20260228
station_unique:237,대곡역,경의중앙선,37.631629,126.810225,경기도 고양시 덕양구 대주로 107번길 71-81(대장동 420-1),한국철도공사,전체_도시철도역사정보_20260228
station_unique:238,대곡역,일산선,37.631629,126.811025,경기도 고양시 덕양구 대주로 107번길 71-81(대장동 420-1),한국철도공사,전체_도시철도역사정보_20260228
station_unique:239,대공원역,안산과천선,37.435724,127.006474,경기도 과천시 대공원로 50,한국철도공사,전체_도시철도역사정보_20260228
station_unique:240,대구역,대경선,35.876,128.5961,대구 북구 태평로 161,한국철도공사,전체_도시철도역사정보_20260228
station_unique:241,대구역,대구 도시철도 1호선,35.876379,128.596919,북구 칠성남로30길 지하24 (칠성동),대구교통공사,전체_도시철도역사정보_20260228
station_unique:242,대구은행(대구교육청),대구 도시철도 2호선,35.859868,128.613975,수성구 달구벌대로 지하2300 (수성동),대구교통공사,전체_도시철도역사정보_20260228
station_unique:243,대구한의대병원,대구 도시철도 1호선,35.8717089,128.7508237,동구 안심로 610 (사복동),대구교통공사,전체_도시철도역사정보_20260228
station_unique:244,대동,대전 도시철도 1호선,36.329532,127.442848,대전광역시 동구 계족로 지하 176 (대동),대전교통공사,전체_도시철도역사정보_20260228
station_unique:245,대림(구로구청),7호선,37.492984,126.896997,서울특별시 영등포구 도림로 지하137(대림동),서울교통공사,전체_도시철도역사정보_20260228
station_unique:246,대림(구로구청),2호선,37.4932826,126.8949793,서울특별시 구로구 도림천로 351(구로동),서울교통공사,전체_도시철도역사정보_20260228
station_unique:247,대명,대구 도시철도 1호선,35.8392924,128.5652846,남구 대명로 지하71 (대명동),대구교통공사,전체_도시철도역사정보_20260228
station_unique:248,대모산입구역,분당선,37.491347,127.072702,서울특별시 강남구 개포로 522,한국철도공사,전체_도시철도역사정보_20260228
station_unique:249,대방,수도권 경량도시철도 신림선,37.512840166,126.925316781,서울특별시 영등포구 여의대방로 300 (신길동),남서울경전철 주식회사,전체_도시철도역사정보_20260228
station_unique:250,대방역,경부선,37.513392,126.926407,서울시 영등포구 여의대방로 300,한국철도공사,전체_도시철도역사정보_20260228
station_unique:251,대봉교,대구 도시철도 3호선,35.85499783,128.6063685, 남구 명덕로 330(이천동),대구교통공사,전체_도시철도역사정보_20260228
station_unique:252,대사,부산김해경전철,35.217657,128.938417,부산광역시 강서구 낙동북로 82,부산-김해경전철㈜,전체_도시철도역사정보_20260228
station_unique:253,대성리역,경춘선,37.683909,127.379165,경기도 가평군 청평면 경춘로 88(대성리 393),한국철도공사,전체_도시철도역사정보_20260228
station_unique:254,대실,대구 도시철도 2호선,35.8573333,128.4656264,달성군 다사읍 달구벌대로 지하888 ,대구교통공사,전체_도시철도역사정보_20260228
station_unique:255,대야미역,안산과천선,37.328304,126.917161,경기도 군포시 대야1로 28,한국철도공사,전체_도시철도역사정보_20260228
station_unique:256,대연,부산 도시철도 2호선,35.13512,129.09218,부산광역시 남구 수영로 지하 242,부산광역시 부산교통공사,전체_도시철도역사정보_20260228
station_unique:257,대저,부산김해경전철,35.213066,128.960562,부산광역시 강서구 낙동북로 294,부산-김해경전철㈜,전체_도시철도역사정보_20260228
station_unique:258,대저,부산 도시철도 3호선,35.21343,128.96074,부산광역시 강서구 낙동북로 295,부산광역시 부산교통공사,전체_도시철도역사정보_20260228
station_unique:259,대전,대전 도시철도 1호선,36.331583,127.433118,대전광역시 동구 중앙로 지하 218 (중동),대전교통공사,전체_도시철도역사정보_20260228
station_unique:260,대청,3호선,37.493607,127.079526,서울특별시 강남구 일원로 지하2(일원동),서울교통공사,전체_도시철도역사정보_20260228
station_unique:261,대치,3호선,37.494601,127.063449,서울특별시 강남구 남부순환로 지하2952(대치동),서울교통공사,전체_도시철도역사정보_20260228
station_unique:262,대티,부산 도시철도 1호선,35.10306,128.99972,부산광역시 사하구 낙동대로 지하 141,부산광역시 부산교통공사,전체_도시철도역사정보_20260228
station_unique:263,대화역,일산선,37.675883,126.747756,경기도 고양시 일산서구 중앙로 1569(대화동 2221),한국철도공사,전체_도시철도역사정보_20260228
station_unique:264,대흥(서강대앞),6호선,37.547732,126.942214,서울특별시 마포구 대흥로 지하85(대흥동),서울교통공사,전체_도시철도역사정보_20260228
station_unique:265,덕계역,경원선,37.818761,127.056676,경기도 양주시 고덕로 139번길 317,한국철도공사,전체_도시철도역사정보_20260228
station_unique:266,덕두,부산김해경전철,35.182001,128.954198,부산광역시 강서구 경전철로 10,부산-김해경전철㈜,전체_도시철도역사정보_20260228
station_unique:267,덕소역,경의중앙선,37.586892,127.208835,경기도 남양주시 와부읍 덕서로 56(덕소리 590-17),한국철도공사,전체_도시철도역사정보_20260228
station_unique:268,덕정역,경원선,37.843216,127.061511,경기도 양주시 화합로 1356,한국철도공사,전체_도시철도역사정보_20260228
station_unique:269,덕천,부산 도시철도 2호선,35.21011,129.00533,부산광역시 북구 금곡대로 지하 14,부산광역시 부산교통공사,전체_도시철도역사정보_20260228
station_unique:270,덕천,부산 도시철도 3호선,35.210139,129.005545,부산광역시 북구 덕천동 327번지,부산광역시 부산교통공사,전체_도시철도역사정보_20260228
station_unique:271,덕포,부산 도시철도 2호선,35.17378,128.98394,부산광역시 사상구 사상로 지하 320-1,부산광역시 부산교통공사,전체_도시철도역사정보_20260228
station_unique:272,덕하역,동해선,35.494007,129.303094,울산시 울주군 청량읍 상남리 533-15,한국철도공사,전체_도시철도역사정보_20260228
station_unique:273,도곡,3호선,37.491129,127.055694,서울특별시 강남구 남부순환로 지하2814(도곡동),서울교통공사,전체_도시철도역사정보_20260228
station_unique:274,도곡역,분당선,37.490914,127.055393,서울시 강남구 남부순환로 지하 2814,한국철도공사,전체_도시철도역사정보_20260228
station_unique:275,도농역,경의중앙선,37.608756,127.161105,경기도 남양주시 경춘로 433(도농동 56-1),한국철도공사,전체_도시철도역사정보_20260228
station_unique:276,도림천,2호선,37.5145589,126.882586,서울특별시 구로구 경인로67길 160(신도림동),서울교통공사,전체_도시철도역사정보_20260228
station_unique:277,도봉산,7호선,37.689131,127.046548,서울특별시 도봉구 도봉로 964-40(도봉동),서울교통공사,전체_도시철도역사정보_20260228
station_unique:278,도봉산역,경원선,37.689603,127.046047,서울시 도봉구 도봉로 964-33,한국철도공사,전체_도시철도역사정보_20260228
station_unique:279,도봉역,경원선,37.679441,127.045521,서울시 도봉구 도봉로 170길 2,한국철도공사,전체_도시철도역사정보_20260228
station_unique:280,도산,광주도시철도 1호선,35.131713,126.787942,광주광역시 광산구 상무대로 지하 125-99(도산동),광주교통공사,전체_도시철도역사정보_20260228
station_unique:281,도심역,경의중앙선,37.579628,127.222798,경기도 남양주시 와부읍 덕소로 237(도곡리 1024-2),한국철도공사,전체_도시철도역사정보_20260228
station_unique:282,도원역,경인선,37.468604,126.642824,인천시 동구 참외전로 245,한국철도공사,전체_도시철도역사정보_20260228
station_unique:283,도화역,경인선,37.466154,126.66846,인천시 남구 숙골로 24번길 9,한국철도공사,전체_도시철도역사정보_20260228
station_unique:284,독립문,3호선,37.574534,126.957902,서울특별시 서대문구 통일로 지하247(현저동),서울교통공사,전체_도시철도역사정보_20260228
station_unique:285,독바위,6호선,37.618413,126.933035,서울특별시 은평구 불광로 지하129-1(불광동),서울교통공사,전체_도시철도역사정보_20260228
station_unique:286,독산역,경부선,37.465994,126.889508,서울시 금천구 벚꽃로 115,한국철도공사,전체_도시철도역사정보_20260228
station_unique:287,독정,인천지하철 2호선,37.584927,126.675981,인천광역시 서구 서곶로 760 (백석동),인천교통공사,전체_도시철도역사정보_20260228
station_unique:288,돌고개,광주도시철도 1호선,35.152047,126.895637,광주광역시 서구 경열로 지하 87(농성동),광주교통공사,전체_도시철도역사정보_20260228
station_unique:289,돌곶이,6호선,37.610522,127.056419,서울특별시 성북구 화랑로 지하243(석관동),서울교통공사,전체_도시철도역사정보_20260228
station_unique:290,동구릉,8호선,37.610556,127.135056,인창동 679-8 일원(구리도매시장),구리도시공사,전체_도시철도역사정보_20260228
station_unique:291,동구청(큰고개),대구 도시철도 1호선,35.884485,128.632295,동구 신암남로 지하169 (신암동),대구교통공사,전체_도시철도역사정보_20260228
station_unique:292,동대구역,대구 도시철도 1호선,35.877626,128.627152,동구 동대구로 지하530 (신천동),대구교통공사,전체_도시철도역사정보_20260228
station_unique:293,동대구역,대경선,35.879376,128.628807,대구 동구 동대구로 550,한국철도공사,전체_도시철도역사정보_20260228
station_unique:294,동대문,4호선,37.57099,127.00925,서울특별시 종로구 율곡로 지하308(종로6가),서울교통공사,전체_도시철도역사정보_20260228
station_unique:295,동대문,1호선,37.571646,127.01069,서울특별시 종로구 종로 지하302(창신동),서울교통공사,전체_도시철도역사정보_20260228
station_unique:296,동대문역사문화공원(DDP),5호선,37.564682,127.00533,서울특별시 중구 마른내로 지하162(광희동1가),서울교통공사,전체_도시철도역사정보_20260228
station_unique:297,동대문역사문화공원(DDP),4호선,37.565141,127.007808,서울특별시 중구 장충단로 지하230(광희동2가),서울교통공사,전체_도시철도역사정보_20260228
station_unique:298,동대문역사문화공원(DDP),2호선,37.565609,127.009083,서울특별시 중구 을지로 지하279(을지로7가),서울교통공사,전체_도시철도역사정보_20260228
station_unique:299,동대신,부산 도시철도 1호선,35.11056,129.01757,부산광역시 서구 구덕로 지하 290,부산광역시 부산교통공사,전체_도시철도역사정보_20260228
station_unique:300,동대입구,3호선,37.55906,127.005273,서울특별시 중구 동호로 지하256(장충동2가),서울교통공사,전체_도시철도역사정보_20260228
station_unique:301,동두천역,경원선,37.927569,127.054825,경기도 동두천시 평화로 2687(동두천동 245-210),한국철도공사,전체_도시철도역사정보_20260228
station_unique:302,동두천중앙역,경원선,37.901818,127.056528,경기도 동두천시 동두천로 228(생연동 682),한국철도공사,전체_도시철도역사정보_20260228
station_unique:303,동래,부산 경량도시철도 4호선,35.20466,129.07741,부산광역시 동래구 온천2동 1486번지,부산광역시 부산교통공사,전체_도시철도역사정보_20260228
station_unique:304,동래,부산 도시철도 1호선,35.20556,129.078461,부산광역시 동래구 중앙대로 1324,부산광역시 부산교통공사,전체_도시철도역사정보_20260228
station_unique:305,동래역,동해선,35.204714,129.0773502,부산광역시 동래구 낙민동 130-4,한국철도공사,전체_도시철도역사정보_20260228
station_unique:306,동막,인천지하철 1호선,37.398173,126.673561,인천광역시 연수구 경원대로 80,인천교통공사,전체_도시철도역사정보_20260228
station_unique:307,동매,부산 도시철도 1호선,35.089819,128.974029,부산광역시 사하구 신산로 지하168,부산광역시 부산교통공사,전체_도시철도역사정보_20260228
station_unique:308,동묘앞,6호선,37.572275,127.015666,서울특별시 종로구 지봉로 지하24(숭인동),서울교통공사,전체_도시철도역사정보_20260228
station_unique:309,동묘앞,1호선,37.573265,127.016459,서울특별시 종로구 종로 359(숭인동),서울교통공사,전체_도시철도역사정보_20260228
station_unique:310,동백,부산 도시철도 2호선,35.16147,129.147887,부산광역시 해운대구 해운대로 지하 522,부산광역시 부산교통공사,전체_도시철도역사정보_20260228
station_unique:311,동백(용인세브란스),에버라인,37.26910138,127.1526906,경기도 용인시 기흥구 동백죽전대로 314,경기도 용인경전철,전체_도시철도역사정보_20260228
station_unique:312,동수,인천지하철 1호선,37.485409,126.718464,인천광역시 부평구 경인로 877,인천교통공사,전체_도시철도역사정보_20260228
station_unique:313,동암역,경인선,37.470835,126.703016,인천시 부평구 동암광장로 10,한국철도공사,전체_도시철도역사정보_20260228
station_unique:314,동오,의정부,37.74519123,127.05703,경기도 의정부시 장곡로 471,의정부경량전철㈜,전체_도시철도역사정보_20260228
station_unique:315,동원,부산 도시철도 2호선,35.25864,129.01242,부산광역시 북구 금곡대로 575,부산광역시 부산교통공사,전체_도시철도역사정보_20260228
station_unique:316,동의대,부산 도시철도 2호선,35.15411,129.0325,부산광역시 부산진구 가야대로 지하 554,부산광역시 부산교통공사,전체_도시철도역사정보_20260228
station_unique:317,동인천역,경인선,37.475414,126.632598,인천시 중구 참외전로 119,한국철도공사,전체_도시철도역사정보_20260228
station_unique:318,동작(현충원),서울 도시철도 9호선,37.502878,126.978278,서울특별시 동작구 현충로 지하220 (동작동),서울특별시 서울시메트로9호선㈜,전체_도시철도역사정보_20260228
station_unique:319,동작(현충원),4호선,37.503567,126.980171,서울특별시 동작구 현충로 257(동작동),서울교통공사,전체_도시철도역사정보_20260228
station_unique:320,동천,대구 도시철도 3호선,35.93770658,128.556683, 북구 팔거천동로 147(동천동),대구교통공사,전체_도시철도역사정보_20260228
station_unique:321,동천,신분당선,37.338068413,127.1028937,경기도 용인시 수지구 신수로 지하760,경기도 신분당선,전체_도시철도역사정보_20260228
station_unique:322,동촌(동촌유원지),대구 도시철도 1호선,35.886039,128.650455,동구 해동로 지하197 (검사동),대구교통공사,전체_도시철도역사정보_20260228
station_unique:323,동춘,인천지하철 1호선,37.404676,126.680835,인천광역시 연수구 경원대로 180,인천교통공사,전체_도시철도역사정보_20260228
station_unique:324,두류,대구 도시철도 2호선,35.8572405,128.555509,달서구 달구벌대로 지하1760 (두류동),대구교통공사,전체_도시철도역사정보_20260228
station_unique:325,두실,부산 도시철도 1호선,35.25694,129.09139,부산광역시 금정구 중앙대로 1927-1,부산광역시 부산교통공사,전체_도시철도역사정보_20260228
station_unique:326,두정역,경부선,36.833791,127.148905,충남 천안시 서북구 두정로 289(두정동 84-1),한국철도공사,전체_도시철도역사정보_20260228
station_unique:327,둔전,에버라인,37.26721222,127.2136387,경기도 용인시 처인구 포곡읍 포곡로 70,경기도 용인경전철,전체_도시철도역사정보_20260228
station_unique:328,둔촌동,5호선,37.527787,127.136219,서울특별시 강동구 양재대로 지하1369(둔촌동),서울교통공사,전체_도시철도역사정보_20260228
station_unique:329,둔촌오륜,수도권  도시철도 9호선,37.519339,127.138619,서울특별시 강동구 강동대로 지하 327,서울시메트로9호선㈜,전체_도시철도역사정보_20260228
station_unique:330,등구,부산김해경전철,35.196143,128.963599,부산광역시 강서구 경전철로 194,부산-김해경전철㈜,전체_도시철도역사정보_20260228
station_unique:331,등촌,서울 도시철도 9호선,37.551111,126.864722,서울특별시 강서구 공항대로 지하529,서울특별시 서울시메트로9호선㈜,전체_도시철도역사정보_20260228
station_unique:332,디지털미디어시티,6호선,37.5760805,126.901343,서울특별시 은평구 수색로 지하175(증산동),서울교통공사,전체_도시철도역사정보_20260228
station_unique:333,디지털미디어시티,인천국제공항선,37.577355,126.898025,서울특별시 마포구 성암로 184,공항철도주식회사,전체_도시철도역사정보_20260228
station_unique:334,디지털미디어시티역,경의중앙선,37.577964,126.900421,서울시 은평구 수색로 193(수색동 37-2),한국철도공사,전체_도시철도역사정보_20260228
station_unique:335,뚝섬,2호선,37.54718,127.047413,서울특별시 성동구 아차산로 18(성수동1가),서울교통공사,전체_도시철도역사정보_20260228
station_unique:336,마곡,5호선,37.55865,126.837693,서울특별시 강서구 공항대로 지하163(마곡동),서울교통공사,전체_도시철도역사정보_20260228
station_unique:337,마곡나루,인천국제공항선,37.56581914,126.8276358,서울특별시 강서구 마곡중앙로 지하 135,공항철도주식회사,전체_도시철도역사정보_20260228
station_unique:338,마곡나루(서울식물원),서울 도시철도 9호선,37.566717,126.8276071,서울특별시 강서구 마곡중앙5로 지하2,서울특별시 서울시메트로9호선㈜,전체_도시철도역사정보_20260228
station_unique:339,마두역,일산선,37.652185,126.777641,경기도 고양시 일산동구 중앙로 지하 1180(마두동),한국철도공사,전체_도시철도역사정보_20260228
station_unique:340,마들,7호선,37.664985,127.057701,서울특별시 노원구 동일로 지하1530-1(상계동),서울교통공사,전체_도시철도역사정보_20260228
station_unique:341,마산역,김포도시철도,37.640606,126.643944,경기도 김포시 김포한강3로 지하 442,김포골드라인에스알에스㈜,전체_도시철도역사정보_20260228
station_unique:342,마석역,경춘선,37.652328,127.311713,경기도 남양주시 화도읍 마석우리 241-4,한국철도공사,전체_도시철도역사정보_20260228
station_unique:343,마장,5호선,37.566066,127.042921,서울특별시 성동구 마장로 지하296(마장동),서울교통공사,전체_도시철도역사정보_20260228
station_unique:344,마전,인천지하철 2호선,37.597756,126.667195,인천광역시 서구 완정로 68 (마전동),인천교통공사,전체_도시철도역사정보_20260228
station_unique:345,마천,5호선,37.494972,127.152784,서울특별시 송파구 마천로57길 지하7(마천동),서울교통공사,전체_도시철도역사정보_20260228
station_unique:346,마포,5호선,37.539718,126.946043,서울특별시 마포구 마포대로 지하33(도화동),서울교통공사,전체_도시철도역사정보_20260228
station_unique:347,마포구청,6호선,37.563529,126.903356,서울특별시 마포구 월드컵로 지하190(성산동),서울교통공사,전체_도시철도역사정보_20260228
station_unique:348,만덕,부산 도시철도 3호선,35.213,129.0365,부산광역시 북구 만덕대로 지하 291,부산광역시 부산교통공사,전체_도시철도역사정보_20260228
station_unique:349,만수,인천지하철 2호선,37.454962,126.731764,인천광역시 남동구 구월로 지하 367 (만수동),인천교통공사,전체_도시철도역사정보_20260228
station_unique:350,만촌,대구 도시철도 2호선,35.858841,128.644951,수성구 달구벌대로 지하2584 (만촌동),대구교통공사,전체_도시철도역사정보_20260228
station_unique:351,만평,대구 도시철도 3호선,35.889893,128.561002, 북구 팔달로 105(노원동3가),대구교통공사,전체_도시철도역사정보_20260228
station_unique:352,망미,부산 도시철도 3호선,35.17153,129.10822,부산광역시 수영구 연수로 지하 337,부산광역시 부산교통공사,전체_도시철도역사정보_20260228
station_unique:353,망양역,동해선,35.456519,129.287856,울산시 울주군 온양읍 망양리 484-1,한국철도공사,전체_도시철도역사정보_20260228
station_unique:354,망우역,경의중앙선,37.599288,127.092318,서울시 중랑구 망우로 55길 11-10,한국철도공사,전체_도시철도역사정보_20260228
station_unique:355,망우역,경춘선,37.599988,127.092031,서울시 중랑구 망우로 55길 11-10,한국철도공사,전체_도시철도역사정보_20260228
station_unique:356,망원,6호선,37.556031,126.910129,서울특별시 마포구 월드컵로 지하77(망원동),서울교통공사,전체_도시철도역사정보_20260228
station_unique:357,망월사역,경원선,37.710499,127.047361,경기도 의정부시 평화로 221,한국철도공사,전체_도시철도역사정보_20260228
station_unique:358,망포역,분당선,37.245793,127.057367,경기도 수원시 영통구 봉영로 지하 1520,한국철도공사,전체_도시철도역사정보_20260228
station_unique:359,매교역,분당선,37.265502,127.015657,경기도 수원시 팔달구 효원로 126,한국철도공사,전체_도시철도역사정보_20260228
station_unique:360,매봉,3호선,37.487114,127.046907,서울특별시 강남구 남부순환로 지하2744(도곡동),서울교통공사,전체_도시철도역사정보_20260228
station_unique:361,매천,대구 도시철도 3호선,35.91265,128.5434, 북구 학정로 6(매천동),대구교통공사,전체_도시철도역사정보_20260228
station_unique:362,매천시장,대구 도시철도 3호선,35.90443,128.545755, 북구 매천로 18길 39(매천동),대구교통공사,전체_도시철도역사정보_20260228
station_unique:363,매탄권선역,분당선,37.252458,127.040824,경기도 수원시 영통구 권선로 841,한국철도공사,전체_도시철도역사정보_20260228
station_unique:364,먹골,7호선,37.610638,127.077719,서울특별시 중랑구 동일로 지하901(묵동),서울교통공사,전체_도시철도역사정보_20260228
station_unique:365,면목,7호선,37.588671,127.087503,서울특별시 중랑구 면목로 지하407(면목동) ,서울교통공사,전체_도시철도역사정보_20260228
station_unique:366,명덕(2.28민주운동기념회관),대구 도시철도 1호선,35.857382,128.59088,중구 명덕로 지하185 (남산동),대구교통공사,전체_도시철도역사정보_20260228
station_unique:367,명덕(2·28민주운동기념회관),대구 도시철도 3호선,35.85694518,128.5900469, 남구 명덕로 186(대명동),대구교통공사,전체_도시철도역사정보_20260228
station_unique:368,명동,4호선,37.560955,126.986271,서울특별시 중구 퇴계로 지하126(충무로2가),서울교통공사,전체_도시철도역사정보_20260228
station_unique:369,명륜,부산 도시철도 1호선,35.21222,129.07944,부산광역시 동래구 중앙대로 1414,부산광역시 부산교통공사,전체_도시철도역사정보_20260228
station_unique:370,명일,5호선,37.551317,127.144002,서울특별시 강동구 양재대로 지하1632(명일동),서울교통공사,전체_도시철도역사정보_20260228
station_unique:371,명장,부산 경량도시철도 4호선,35.20503,129.10161,부산광역시 동래구 반송로 지하 281,부산광역시 부산교통공사,전체_도시철도역사정보_20260228
station_unique:372,명지대,에버라인,37.23807629,127.1902913,경기도 용인시 처인구 금학로 241,경기도 용인경전철,전체_도시철도역사정보_20260228
station_unique:373,명학역,경부선,37.384435,126.935579,경기도 안양시 만안구 만안로 20,한국철도공사,전체_도시철도역사정보_20260228
station_unique:374,모덕,부산 도시철도 2호선,35.18036,128.98561,부산광역시 사상구 사상로 지하 409,부산광역시 부산교통공사,전체_도시철도역사정보_20260228
station_unique:375,모라,부산 도시철도 2호선,35.18967,128.98864,부산광역시 사상구 사상로 지하 498,부산광역시 부산교통공사,전체_도시철도역사정보_20260228
station_unique:376,모란,8호선,37.433988,127.129921,경기도 성남시 수정구 산성대로 지하100(수진동),서울교통공사,전체_도시철도역사정보_20260228
station_unique:377,모란역,분당선,37.432124,127.129064,경기도 성남시 중원구 성남대로 지하 1147(성남동 1575),한국철도공사,전체_도시철도역사정보_20260228
station_unique:378,모래내시장,인천지하철 2호선,37.455842,126.719578,인천광역시 남동구 구월로 지하 255 (구월동),인천교통공사,전체_도시철도역사정보_20260228
station_unique:379,목동,5호선,37.526088,126.864296,서울특별시 양천구 오목로 지하245(목동),서울교통공사,전체_도시철도역사정보_20260228
station_unique:380,못골,부산 도시철도 2호선,35.13472,129.08442,부산광역시 남구 수영로 지하 170,부산광역시 부산교통공사,전체_도시철도역사정보_20260228
station_unique:381,몽촌토성(평화의문),8호선,37.517692,127.11274,서울특별시 송파구 올림픽로 지하383(신천동),서울교통공사,전체_도시철도역사정보_20260228
station_unique:382,무악재,3호선,37.582658,126.950131,서울특별시 서대문구 통일로 지하361(홍제동),서울교통공사,전체_도시철도역사정보_20260228
station_unique:383,문래,2호선,37.517993,126.894766,서울특별시 영등포구 당산로 지하28(문래동3가),서울교통공사,전체_도시철도역사정보_20260228
station_unique:384,문산역,경의중앙선,37.854565,126.787531,경기도 파주시 문산읍 문산역로 94,한국철도공사,전체_도시철도역사정보_20260228
station_unique:385,문양,대구 도시철도 2호선,35.86414313,128.4370043,달성군 다사읍 문양역길 71,대구교통공사,전체_도시철도역사정보_20260228
station_unique:386,문정,8호선,37.485931,127.122473,서울특별시 송파구 송파대로 지하179(문정동),서울교통공사,전체_도시철도역사정보_20260228
station_unique:387,문학경기장,인천지하철 1호선,37.434964,126.698373,인천광역시 연수구 예술로 2,인천교통공사,전체_도시철도역사정보_20260228
station_unique:388,문현,부산 도시철도 2호선,35.13911,129.06736,부산광역시 남구 전포대로 지하 17,부산광역시 부산교통공사,전체_도시철도역사정보_20260228
station_unique:389,문화전당(구도청),광주도시철도 1호선,35.14661,126.92005,광주광역시 동구 문화전당로 26번길 지하 7(광산동),광주교통공사,전체_도시철도역사정보_20260228
station_unique:390,물만골,부산 도시철도 3호선,35.17681,129.08575,부산광역시 연제구 월드컵대로 지하 23,부산광역시 부산교통공사,전체_도시철도역사정보_20260228
station_unique:391,미금,신분당선,37.35058332,127.1088028,경기도 성남시 성남대로 지하 163 (금곡동),경기도 신분당선,전체_도시철도역사정보_20260228
station_unique:392,미금역,분당선,37.350078,127.108952,경기도 성남시 수정구 성남대로 지하 156,한국철도공사,전체_도시철도역사정보_20260228
station_unique:393,미남,부산 도시철도 3호선,35.2055,129.06806,부산광역시 동래구 아시아드대로 지하 232,부산광역시 부산교통공사,전체_도시철도역사정보_20260228
station_unique:394,미남,부산 경량도시철도 4호선,35.20643,129.06868,부산광역시 동래구 충렬대로 지하 147,부산광역시 부산교통공사,전체_도시철도역사정보_20260228
station_unique:395,미사,5호선,37.56309,127.192954,경기도 하남시 미사강변동로 지하90(망월동),서울교통공사,전체_도시철도역사정보_20260228
station_unique:396,미아(서울사이버대학),4호선,37.626435,127.026151,서울특별시 강북구 도봉로 지하198(미아동),서울교통공사,전체_도시철도역사정보_20260228
station_unique:397,미아사거리,4호선,37.613276,127.030083,서울특별시 강북구 도봉로 지하50(미아동),서울교통공사,전체_도시철도역사정보_20260228
station_unique:398,민락,부산 도시철도 2호선,35.16722,129.121878,부산광역시 수영구 수영로 지하 769,부산광역시 부산교통공사,전체_도시철도역사정보_20260228
station_unique:399,박물관,부산김해경전철,35.24006467,128.8718628,경상남도 김해시 김해대로 2103,부산-김해경전철㈜,전체_도시철도역사정보_20260228
station_unique:400,박촌,인천지하철 1호선,37.553525,126.744946,인천광역시 계양구 장제로 992,인천교통공사,전체_도시철도역사정보_20260228
station_unique:401,반고개,대구 도시철도 2호선,35.8623,128.572817,서구 달구벌대로 지하1827 (내당동),대구교통공사,전체_도시철도역사정보_20260228
station_unique:402,반석,대전 도시철도 1호선,36.392128,127.314581,대전광역시 유성구 북유성대로 지하 303(반석동),대전교통공사,전체_도시철도역사정보_20260228
station_unique:403,반야월,대구 도시철도 1호선,35.865948,128.713663,동구 안심로 지하261 (동호동),대구교통공사,전체_도시철도역사정보_20260228
station_unique:404,반여농산물시장,부산 경량도시철도 4호선,35.21778,129.12397,부산광역시 해운대구 반송로 550,부산광역시 부산교통공사,전체_도시철도역사정보_20260228
station_unique:405,반월당,대구 도시철도 1호선,35.86389,128.593312,중구 달구벌대로 지하2100 (덕산동),대구교통공사,전체_도시철도역사정보_20260228
station_unique:406,반월당,대구 도시철도 2호선,35.865592,128.593334,중구 달구벌대로 지하2100 (덕산동),대구교통공사,전체_도시철도역사정보_20260228
station_unique:407,반월역,안산과천선,37.312244,126.903684,경기도 안산시 상록구 건건로 119-10,한국철도공사,전체_도시철도역사정보_20260228
station_unique:408,반포,7호선,37.508171,127.011717,서울특별시 서초구 신반포로 지하241(잠원동),서울교통공사,전체_도시철도역사정보_20260228
station_unique:409,발곡,의정부,37.726983,127.052889,경기도 의정부시 장곡로 258,의정부경량전철㈜,전체_도시철도역사정보_20260228
station_unique:410,발산,5호선,37.558692,126.837633,서울특별시 강서구 공항대로 지하267(마곡동),서울교통공사,전체_도시철도역사정보_20260228
station_unique:411,방배,2호선,37.481469,126.997627,서울특별시 서초구 방배로 지하80(방배동),서울교통공사,전체_도시철도역사정보_20260228
station_unique:412,방이,5호선,37.508752,127.126054,서울특별시 송파구 양재대로 지하1127(방이동),서울교통공사,전체_도시철도역사정보_20260228
station_unique:413,방촌,대구 도시철도 1호선,35.879929,128.669767,동구 동촌로 지하275 (방촌동),대구교통공사,전체_도시철도역사정보_20260228
station_unique:414,방학역,경원선,37.667471,127.044295,서울시 도봉구 도봉로 150다길 3,한국철도공사,전체_도시철도역사정보_20260228
station_unique:415,방화,5호선,37.577669,126.812822,서울특별시 강서구 금낭화로 지하132(방화동),서울교통공사,전체_도시철도역사정보_20260228
station_unique:416,배방역,장항선,36.777541,127.052751,충남 아산시 배방읍 온천대로 1967,한국철도공사,전체_도시철도역사정보_20260228
station_unique:417,배산,부산 도시철도 3호선,35.1735,129.0955,부산광역시 연제구 연수로 지하 229,부산광역시 부산교통공사,전체_도시철도역사정보_20260228
station_unique:418,백마역,경의중앙선|서해선,37.658346,126.794401,경기도 고양시 일산동구 경의로 318(풍동 482-8),한국철도공사,전체_도시철도역사정보_20260228
station_unique:419,백석역,일산선,37.642973,126.788109,경기도 고양시 일산동구 중앙로 1042,한국철도공사,전체_도시철도역사정보_20260228
station_unique:420,백양리역,경춘선,37.830881,127.589085,강원도 춘천시 남산면 북한강변길 690(강촌리 680-7),한국철도공사,전체_도시철도역사정보_20260228
station_unique:421,백운역,경인선,37.483301,126.707179,인천시 부평구 마장로 55번길 14,한국철도공사,전체_도시철도역사정보_20260228
station_unique:422,버티고개,6호선,37.547933,127.006948,서울특별시 중구 다산로 지하38(신당동),서울교통공사,전체_도시철도역사정보_20260228
station_unique:423,범계역,안산과천선,37.389783,126.950752,경기도 안양시 동안구 동안로 지하 130,한국철도공사,전체_도시철도역사정보_20260228
station_unique:424,범골,의정부,37.7287279,127.0437202,경기도 의정부시 신흥로 141,의정부경량전철㈜,전체_도시철도역사정보_20260228
station_unique:425,범내골,부산 도시철도 1호선,35.14722,129.05917,부산광역시 부산진구 중앙대로 지하 612,부산광역시 부산교통공사,전체_도시철도역사정보_20260228
station_unique:426,범물,대구 도시철도 3호선,35.82083917,128.6401127, 수성구 지범로 194(범물동),대구교통공사,전체_도시철도역사정보_20260228
station_unique:427,범어,대구 도시철도 2호선,35.8591,128.6257,수성구 달구벌대로 지하2396 (범어동),대구교통공사,전체_도시철도역사정보_20260228
station_unique:428,범어사,부산 도시철도 1호선,35.27333,129.09268,부산광역시 금정구 중앙대로 지하 2107,부산광역시 부산교통공사,전체_도시철도역사정보_20260228
station_unique:429,범일,부산 도시철도 1호선,35.14139,129.05944,부산광역시 동구 범일로 지하 108,부산광역시 부산교통공사,전체_도시철도역사정보_20260228
station_unique:430,벡스코,부산 도시철도 2호선,35.16911,129.138431,부산광역시 해운대구 해운대로 지하 396,부산광역시 부산교통공사,전체_도시철도역사정보_20260228
station_unique:431,벡스코역,동해선,35.1717,129.135958,부산광역시 해운대구 우동 1111-2,한국철도공사,전체_도시철도역사정보_20260228
station_unique:432,별내별가람역,진접선,37.667833,127.116167,경기도 남양주시 별내3로 지하 345,남양주도시공사,전체_도시철도역사정보_20260228
station_unique:433,별내역,경춘선,37.642221,127.127208,경기도 남양주시 경춘북로 375(별내동 182-5),한국철도공사,전체_도시철도역사정보_20260228
station_unique:434,별내역,수도권 광역철도 8호선,37.642517,127.1273,경기도 남양주시 경춘북로 375(별내동),남양주도시공사,전체_도시철도역사정보_20260228
station_unique:435,병점역,경부선,37.206821,127.033268,경기도 화성시 떡전골로 97,한국철도공사,전체_도시철도역사정보_20260228
station_unique:436,보라매,7호선,37.499916,126.920112,서울특별시 동작구 상도로 지하2(대방동),서울교통공사,전체_도시철도역사정보_20260228
station_unique:437,보라매,수도권 경량도시철도 신림선,37.500312709,126.920485864,서울특별시 동작구 상도로 지하2 (대방동),남서울경전철 주식회사,전체_도시철도역사정보_20260228
station_unique:438,보라매공원,수도권 경량도시철도 신림선,37.495225405,126.918258811,서울특별시 동작구 여의대방로20길 지하11 (신대방동),남서울경전철 주식회사,전체_도시철도역사정보_20260228
station_unique:439,보라매병원,수도권 경량도시철도 신림선,37.4929607,126.923886,서울특별시 동작구 보라매로5길 지하24 (신대방동),남서울경전철 주식회사,전체_도시철도역사정보_20260228
station_unique:440,보문,6호선,37.585426,127.019722,서울특별시 성북구 보문로 지하116(보문동1가),서울교통공사,전체_도시철도역사정보_20260228
station_unique:441,보문,우이신설선,37.58551,127.01939,서울특별시 성북구 보문동1가 127-6,우이신설경전철운영㈜,전체_도시철도역사정보_20260228
station_unique:442,보산역,경원선,37.914268,127.057134,경기도 동두천시 평화로 2539(보산동),한국철도공사,전체_도시철도역사정보_20260228
station_unique:443,보정역,분당선,37.31274,127.108219,경기도 용인시 기흥구 용구대로 2560  _x000D_,한국철도공사,전체_도시철도역사정보_20260228
station_unique:444,보평,에버라인,37.25896427,127.2184808,경기도 용인시 처인구 경안천로 313,경기도 용인경전철,전체_도시철도역사정보_20260228
station_unique:445,복정,8호선,37.471016,127.126746,서울특별시 송파구 송파대로 지하6(장지동),서울교통공사,전체_도시철도역사정보_20260228
station_unique:446,복정역,분당선,37.469753,127.126627,서울특별시 송파구 송파대로 6,한국철도공사,전체_도시철도역사정보_20260228
station_unique:447,봉명역,장항선,36.801578,127.136319,충남 천안시 동남구 차돌로 51(봉명동 20-2),한국철도공사,전체_도시철도역사정보_20260228
station_unique:448,봉은사,수도권  도시철도 9호선,37.514219,127.060245,서울특별시 강남구 봉은사로 601,서울시메트로9호선㈜,전체_도시철도역사정보_20260228
station_unique:449,봉천,2호선,37.482416,126.941696,서울특별시 관악구 남부순환로 지하1721(봉천동),서울교통공사,전체_도시철도역사정보_20260228
station_unique:450,봉화산(서울의료원),6호선,37.617429,127.0912326,서울특별시 중랑구 신내로 지하232(신내동),서울교통공사,전체_도시철도역사정보_20260228
station_unique:451,봉황,부산김해경전철,35.22726757,128.8743069,경상남도 김해시 김해대로 2249,부산-김해경전철㈜,전체_도시철도역사정보_20260228
station_unique:452,부개역,경인선,37.488479,126.740549,인천시 부평구 수변로 22,한국철도공사,전체_도시철도역사정보_20260228
station_unique:453,부발역,경강선,37.260411,127.490303,경기도 이천시 부발읍 신아로 87,한국철도공사,전체_도시철도역사정보_20260228
station_unique:454,부산대,부산 도시철도 1호선,35.23,129.08944,부산광역시 금정구 장전온천천로 48,부산광역시 부산교통공사,전체_도시철도역사정보_20260228
station_unique:455,부산대양산캠퍼스,부산 도시철도 2호선,35.31697,129.01383,경상남도 양산시 물금읍 메기로 270,부산광역시 부산교통공사,전체_도시철도역사정보_20260228
station_unique:456,부산역,부산 도시철도 1호선,35.11528,129.03972,부산광역시 동구 중앙대로 지하 200,부산광역시 부산교통공사,전체_도시철도역사정보_20260228
station_unique:457,부산원동역,동해선,35.1938,129.113709,부산시 동래구 안락동 52-2,한국철도공사,전체_도시철도역사정보_20260228
station_unique:458,부산진,부산 도시철도 1호선,35.12778,129.04778,부산광역시 동구 중앙대로 지하 350,부산광역시 부산교통공사,전체_도시철도역사정보_20260228
station_unique:459,부암,부산 도시철도 2호선,35.15744,129.05019,부산광역시 부산진구 가야대로 지하 719,부산광역시 부산교통공사,전체_도시철도역사정보_20260228
station_unique:460,부원,부산김해경전철,35.22646624,128.8838997,경상남도 김해시 김해대로 2350,부산-김해경전철㈜,전체_도시철도역사정보_20260228
station_unique:461,부전,부산 도시철도 1호선,35.1625,129.06278,부산광역시 부산진구 중앙대로 지하 786,부산광역시 부산교통공사,전체_도시철도역사정보_20260228
station_unique:462,부전역,동해선,35.164668,129.06011,부산광역시 부산진구 부전로 181,한국철도공사,전체_도시철도역사정보_20260228
station_unique:463,부천시청,도시철도 7호선,37.504611,126.763561,경기도 부천시 원미구 길주로 지하 202 (중동),인천교통공사,전체_도시철도역사정보_20260228
station_unique:464,부천역,경인선,37.484066,126.782779,경기도 부천시 소사구 부천로 1,한국철도공사,전체_도시철도역사정보_20260228
station_unique:465,부천종합운동장,도시철도 7호선,37.505381,126.79735,경기도 부천시 원미구 길주로 지하 502 (춘의동),인천교통공사,전체_도시철도역사정보_20260228
station_unique:466,부천종합운동장역,서해선,37.505852,126.797498,경기도 부천시 길주로 지하 502,한국철도공사,전체_도시철도역사정보_20260228
station_unique:467,부평,인천지하철 1호선,37.490541,126.723437,인천광역시 부평구 광장로 15,인천교통공사,전체_도시철도역사정보_20260228
station_unique:468,부평구청,도시철도 7호선,37.507523,126.721356,인천광역시 부평구 길주로 지하 527 (갈산동),인천교통공사,전체_도시철도역사정보_20260228
station_unique:469,부평구청,인천지하철 1호선,37.508768,126.720547,인천광역시 부평구 부평대로 189,인천교통공사,전체_도시철도역사정보_20260228
station_unique:470,부평삼거리,인천지하철 1호선,37.478267,126.710494,인천광역시 부평구 경인로 765,인천교통공사,전체_도시철도역사정보_20260228
station_unique:471,부평시장,인천지하철 1호선,37.498495,126.722282,인천광역시 부평구 부평대로 69,인천교통공사,전체_도시철도역사정보_20260228
station_unique:472,부평역,경인선,37.489457,126.724584,인천시 부평구 광장로 16,한국철도공사,전체_도시철도역사정보_20260228
station_unique:473,부호(경일대·호산대),대구 도시철도 1호선,35.9002809,128.8031144,경산시 하양읍 대경로 528,대구교통공사,전체_도시철도역사정보_20260228
station_unique:474,"북구청
(대구iM뱅크파크)",대구 도시철도 3호선,35.88381395,128.5814483, 서구 원대로 71(원대동2가),대구교통공사,전체_도시철도역사정보_20260228
station_unique:475,북삼역,대경선,36.0560326479866,128.345278,경북 칠곡군 북삼읍 율리 847,한국철도공사,전체_도시철도역사정보_20260228
station_unique:476,북한산보국문,우이신설선,37.61233,127.00816,서울특별시 성북구 보국문로 지하 88,우이신설경전철운영㈜,전체_도시철도역사정보_20260228
station_unique:477,북한산우이,우이신설선,37.66284,127.01272,서울특별시 강북구 삼양로 지하 676,우이신설경전철운영㈜,전체_도시철도역사정보_20260228
station_unique:478,불광,3호선,37.610154,126.930183,서울특별시 은평구 통일로 지하723-1(대조동),서울교통공사,전체_도시철도역사정보_20260228
station_unique:479,불광,6호선,37.610919,126.929504,서울특별시 은평구 통일로 지하723-1(대조동),서울교통공사,전체_도시철도역사정보_20260228
station_unique:480,불암,부산김해경전철,35.222162,128.927893,경상남도 김해시 김해대로 2787,부산-김해경전철㈜,전체_도시철도역사정보_20260228
station_unique:481,불암산,4호선,37.67009,127.079004,서울특별시 노원구 상계로 305(상계동),서울교통공사,전체_도시철도역사정보_20260228
station_unique:482,사가정,7호선,37.580912,127.088502,서울특별시 중랑구 사가정로 지하393(면목동),서울교통공사,전체_도시철도역사정보_20260228
station_unique:483,사곡역,대경선,36.098508,128.356416,경북 구미시 상사서로 173-16,한국철도공사,전체_도시철도역사정보_20260228
station_unique:484,사당,4호선,37.476263,126.981636,서울특별시 동작구  동작대로 지하3(사당동),서울교통공사,전체_도시철도역사정보_20260228
station_unique:485,사당,2호선,37.476536,126.981631,서울특별시 동작구 남부순환로 지하2089(사당동),서울교통공사,전체_도시철도역사정보_20260228
station_unique:486,사릉역,경춘선,37.651145,127.176839,경기도 남양주시 진건읍 진건우회로 72-8(사능리 590-2),한국철도공사,전체_도시철도역사정보_20260228
station_unique:487,사리역,수인선,37.290809,126.857172,경기도 안산시 상록구 충장로 103(사동),한국철도공사,전체_도시철도역사정보_20260228
station_unique:488,사상,부산 도시철도 2호선,35.16218,128.98467,부산광역시 사상구 사상로 지하 203,부산광역시 부산교통공사,전체_도시철도역사정보_20260228
station_unique:489,사상,부산김해경전철,35.1623018,128.9859408,부산광역시 사상구 광장로 83,부산-김해경전철㈜,전체_도시철도역사정보_20260228
station_unique:490,사우역,김포도시철도,37.620361,126.719722,경기도 김포시 김포대로 지하 852,김포골드라인에스알에스㈜,전체_도시철도역사정보_20260228
station_unique:491,사월,대구 도시철도 2호선,35.837066,128.715173,수성구달구벌대로 지하3290 (신매동),대구교통공사,전체_도시철도역사정보_20260228
station_unique:492,사직,부산 도시철도 3호선,35.199,129.065,부산광역시 동래구 아시아드대로 지하 153,부산광역시 부산교통공사,전체_도시철도역사정보_20260228
station_unique:493,사평,서울 도시철도 9호선,37.504161,127.015219,서울특별시 서초구 사평대로 지하285,서울특별시 서울시메트로9호선㈜,전체_도시철도역사정보_20260228
station_unique:494,사하,부산 도시철도 1호선,35.09972,128.98333,부산광역시 사하구 낙동대로 지하 309,부산광역시 부산교통공사,전체_도시철도역사정보_20260228
station_unique:495,산곡,도시철도 7호선,37.508547,126.70351,인천광역시 부평구 길주로 지하 379 (산곡동),인천교통공사,전체_도시철도역사정보_20260228
station_unique:496,산본역,안산과천선,37.358019,126.932969,경기도 군포시 번영로 504,한국철도공사,전체_도시철도역사정보_20260228
station_unique:497,산성,8호선,37.456886,127.149927,경기도 성남시 수정구 수정로 지하365(신흥동),서울교통공사,전체_도시철도역사정보_20260228
station_unique:498,삼가,에버라인,37.24205993,127.16818,경기도 용인시 처인구 중부대로 1098,경기도 용인경전철,전체_도시철도역사정보_20260228
station_unique:499,삼각지(전쟁기념관),4호선,37.534457,126.972992,서울특별시 용산구 한강대로 지하180(한강로1가),서울교통공사,전체_도시철도역사정보_20260228
station_unique:500,삼각지(전쟁기념관),6호선,37.535563,126.973996,서울특별시 용산구 한강대로 지하185(한강로1가),서울교통공사,전체_도시철도역사정보_20260228
station_unique:501,삼동역,경강선,37.408731,127.203447,경기도 광주시 순암로 451,한국철도공사,전체_도시철도역사정보_20260228
station_unique:502,삼산체육관,도시철도 7호선,37.506431,126.742081,인천광역시 부평구 길주로 지하 713 (삼산동),인천교통공사,전체_도시철도역사정보_20260228
station_unique:503,삼성(무역센터),2호선,37.508827,127.063203,서울특별시 강남구 테헤란로 지하538(삼성동),서울교통공사,전체_도시철도역사정보_20260228
station_unique:504,삼성중앙,수도권  도시철도 9호선,37.513011,127.053282,서울특별시 강남구 봉은사로 501,서울시메트로9호선㈜,전체_도시철도역사정보_20260228
station_unique:505,삼송역,일산선,37.653096,126.895559,경기도 고양시 덕양구 삼송로 194,한국철도공사,전체_도시철도역사정보_20260228
station_unique:506,삼양,우이신설선,37.62706,127.01817,서울특별시 강북구 삼양로 지하 259,우이신설경전철운영㈜,전체_도시철도역사정보_20260228
station_unique:507,삼양사거리,우이신설선,37.62144,127.02049,서울특별시 강북구 삼양로 197,우이신설경전철운영㈜,전체_도시철도역사정보_20260228
station_unique:508,삼전,수도권  도시철도 9호선,37.504531,127.087211,서울특별시 송파구 백제고분로 지하 187,서울시메트로9호선㈜,전체_도시철도역사정보_20260228
station_unique:509,상갈역,분당선,37.261797,127.108718,경기도 용인시 기흥구 금화로 지하 40,한국철도공사,전체_도시철도역사정보_20260228
station_unique:510,상계,4호선,37.660576,127.073199,서울특별시 노원구 상계로 182(상계동),서울교통공사,전체_도시철도역사정보_20260228
station_unique:511,상도,7호선,37.50279,126.947949,서울특별시 동작구 상도로 지하272(상도1동),서울교통공사,전체_도시철도역사정보_20260228
station_unique:512,상동,도시철도 7호선,37.505769,126.753081,경기도 부천시 원미구 길주로 지하 104 (상동),인천교통공사,전체_도시철도역사정보_20260228
station_unique:513,상록수역,안산과천선,37.302845,126.866533,경기도 안산시 상록구 상록수로 61,한국철도공사,전체_도시철도역사정보_20260228
station_unique:514,상무,광주도시철도 1호선,35.146784,126.848641,광주광역시 서구 상무대로 지하 777(마륵동),광주교통공사,전체_도시철도역사정보_20260228
station_unique:515,상봉,7호선,37.595673,127.085708,서울특별시 중랑구 망우로 297(상봉동),서울교통공사,전체_도시철도역사정보_20260228
station_unique:516,상봉역,경춘선,37.595254,127.085853,서울시 중랑구 망우로 297(상봉1동 100-9번지),한국철도공사,전체_도시철도역사정보_20260228
station_unique:517,상봉역,경의중앙선,37.596754,127.085553,서울시 중랑구 망우로 297(상봉1동 100-9번지),한국철도공사,전체_도시철도역사정보_20260228
station_unique:518,상수,6호선,37.547704,126.92292,서울특별시 마포구 독막로 지하85(상수동),서울교통공사,전체_도시철도역사정보_20260228
station_unique:519,상왕십리,2호선,37.564444,127.029322,서울특별시 성동구 왕십리로 지하374(하왕십리동),서울교통공사,전체_도시철도역사정보_20260228
station_unique:520,상월곡(한국과학기술연구원),6호선,37.606392,127.048509,서울특별시 성북구 화랑로 지하157(상월곡동),서울교통공사,전체_도시철도역사정보_20260228
station_unique:521,상인,대구 도시철도 1호선,35.8188583,128.5375588,달서구 월배로 지하223 (상인동),대구교통공사,전체_도시철도역사정보_20260228
station_unique:522,상일동,5호선,37.556714,127.166381,서울특별시 강동구 고덕로 지하359(상일동),서울교통공사,전체_도시철도역사정보_20260228
station_unique:523,상천역,경춘선,37.770305,127.4542,경기도 가평군 청평면 상천역로 29(상천리 1261),한국철도공사,전체_도시철도역사정보_20260228
station_unique:524,상현,신분당선,37.29808526,127.0694799,경기도 용인시 수지구 광교중앙로 지하312,경기도 신분당선,전체_도시철도역사정보_20260228
station_unique:525,새말,의정부,37.74889941,127.063869,경기도 의정부시 장곡로 551,의정부경량전철㈜,전체_도시철도역사정보_20260228
station_unique:526,새절(신사),6호선,37.591148,126.913613,서울특별시 은평구 증산로 지하400(신사동),서울교통공사,전체_도시철도역사정보_20260228
station_unique:527,샛강,수도권 경량도시철도 신림선,37.517219937,126.929403964,서울특별시 영등포구 의사당대로 지하166 (여의도동),남서울경전철 주식회사,전체_도시철도역사정보_20260228
station_unique:528,샛강,서울 도시철도 9호선,37.5173,126.9284,서울특별시 영등포구 의사당대로 지하166,서울특별시 서울시메트로9호선㈜,전체_도시철도역사정보_20260228
station_unique:529,서강대역,경의중앙선,37.552132,126.935389,서울시 마포구 서강로 지하 118,한국철도공사,전체_도시철도역사정보_20260228
station_unique:530,서구청,인천지하철 2호선,37.543839,126.676795,인천광역시 서구 서곶로 294 (심곡동),인천교통공사,전체_도시철도역사정보_20260228
station_unique:531,서대구역,대경선,35.881734,128.540121,대구 서구 와룡로 527,한국철도공사,전체_도시철도역사정보_20260228
station_unique:532,서대문,5호선,37.565812,126.966639,서울특별시 종로구 통일로 지하126(평동),서울교통공사,전체_도시철도역사정보_20260228
station_unique:533,서대신,부산 도시철도 1호선,35.11083,129.01194,부산광역시 서구 대영로 지하 1,부산광역시 부산교통공사,전체_도시철도역사정보_20260228
station_unique:534,서대전네거리,대전 도시철도 1호선,36.322416,127.412518,대전광역시 중구 계룡로 지하 889(용두동),대전교통공사,전체_도시철도역사정보_20260228
station_unique:535,서동,부산 경량도시철도 4호선,35.21331,129.10769,부산광역시 금정구 반송로 지하 387,부산광역시 부산교통공사,전체_도시철도역사정보_20260228
station_unique:536,서동탄역,경부선,37.195675,127.051893,경기도 오산시 외삼미로 15번길 75-60,한국철도공사,전체_도시철도역사정보_20260228
station_unique:537,서면,부산 도시철도 2호선,35.15768,129.058517,부산광역시 부산진구 부전동 573번지,부산광역시 부산교통공사,전체_도시철도역사정보_20260228
station_unique:538,서면,부산 도시철도 1호선,35.15778,129.05917,부산광역시 부산진구 중앙대로 지하 730,부산광역시 부산교통공사,전체_도시철도역사정보_20260228
station_unique:539,서문시장(동산병원),대구 도시철도 3호선,35.86966429,128.582241, 중구 달성로 50(대신동),대구교통공사,전체_도시철도역사정보_20260228
station_unique:540,서부산유통지구,부산김해경전철,35.16640204,128.9548881,부산광역시 강서구 유통단지1로 57번길 7,부산-김해경전철㈜,전체_도시철도역사정보_20260228
station_unique:541,서부여성회관,인천지하철 2호선,37.500298,126.675875,인천광역시 서구 가석로 169 (석남동),인천교통공사,전체_도시철도역사정보_20260228
station_unique:542,서부정류장(관문시장),대구 도시철도 1호선,35.8373375,128.5570702,남구 월배로 지하501 (대명동),대구교통공사,전체_도시철도역사정보_20260228
station_unique:543,서빙고역,경원선,37.51961,126.988358,서울시 용산구 서빙고로 238(서빙고동 241-11),한국철도공사,전체_도시철도역사정보_20260228
station_unique:544,서생역,동해선,35.346121,129.29304,울산시 울주군 서생면 화산리 1228-5,한국철도공사,전체_도시철도역사정보_20260228
station_unique:545,서울,인천국제공항선,37.55301784,126.9697643,서울특별시 용산구 청파로 378,공항철도주식회사,전체_도시철도역사정보_20260228
station_unique:546,서울대벤처타운,수도권 경량도시철도 신림선,37.47204068,126.933976556,서울특별시 관악구 신림로 144 (신림동),남서울경전철 주식회사,전체_도시철도역사정보_20260228
station_unique:547,서울대입구(관악구청),2호선,37.481233,126.952745,서울특별시 관악구 남부순환로 지하1822(봉천동),서울교통공사,전체_도시철도역사정보_20260228
station_unique:548,서울숲역,분당선,37.543647,127.044686,서울시 성동구 왕십리로 지하 77,한국철도공사,전체_도시철도역사정보_20260228
station_unique:549,서울역,4호선,37.553172,126.972706,서울특별시 용산구 한강대로 지하392(동자동),서울교통공사,전체_도시철도역사정보_20260228
station_unique:550,서울역,1호선,37.55585,126.972103,서울특별시 중구 세종대로 지하2(남대문로 5가),서울교통공사,전체_도시철도역사정보_20260228
station_unique:551,서울역(경의선),경의중앙선,37.556713,126.971387,서울시 중구 한강대로 405,한국철도공사,전체_도시철도역사정보_20260228
station_unique:552,서울지방병무청,수도권 경량도시철도 신림선,37.50604687,126.922783404,서울특별시 동작구 여의대방로 지하218 (대방동),남서울경전철 주식회사,전체_도시철도역사정보_20260228
station_unique:553,서원,수도권 경량도시철도 신림선,37.47827336,126.933228219,서울특별시 관악구 신림로 258 (신림동),남서울경전철 주식회사,전체_도시철도역사정보_20260228
station_unique:554,서정리역,경부선,37.056459,127.052844,경기도 평택시 탄현로 51,한국철도공사,전체_도시철도역사정보_20260228
station_unique:555,서초,2호선,37.49191,127.007685,서울특별시 서초구 서초대로 지하233(서초동),서울교통공사,전체_도시철도역사정보_20260228
station_unique:556,서현역,분당선,37.384931,127.123249,경기도 성남시 분당구 성남대로 지하 601,한국철도공사,전체_도시철도역사정보_20260228
station_unique:557,석계,6호선,37.614937,127.065922,서울특별시 노원구 화랑로 지하 347-1(월계동) ,서울교통공사,전체_도시철도역사정보_20260228
station_unique:558,석계역,경원선,37.615206,127.065594,서울시 노원구 화랑로 341(월계동 36-4),한국철도공사,전체_도시철도역사정보_20260228
station_unique:559,석남(거북시장),도시철도 7호선,37.506208,126.676213,인천광역시 서구 길주로 지하 120 (석남동),인천교통공사,전체_도시철도역사정보_20260228
station_unique:560,석남(거북시장),인천지하철 2호선,37.507211,126.676304,인천광역시 서구 가석로 257 (석남동),인천교통공사,전체_도시철도역사정보_20260228
station_unique:561,석대,부산 경량도시철도 4호선,35.21825,129.13717,부산광역시 해운대구 석대천로 121,부산광역시 부산교통공사,전체_도시철도역사정보_20260228
station_unique:562,석바위시장,인천지하철 2호선,37.457659,126.692387,인천광역시 미추홀구 구월로 19 (주안동),인천교통공사,전체_도시철도역사정보_20260228
station_unique:563,석수역,경부선,37.435161,126.902233,경기도 안양시 만안구 경수대로 1431,한국철도공사,전체_도시철도역사정보_20260228
station_unique:564,석천사거리,인천지하철 2호선,37.4569323,126.710383,인천광역시 남동구 구월로 지하 181 (구월동),인천교통공사,전체_도시철도역사정보_20260228
station_unique:565,석촌,수도권  도시철도 9호선,37.505078,127.106944,서울특별시 송파구 석촌동 209,서울시메트로9호선㈜,전체_도시철도역사정보_20260228
station_unique:566,석촌,8호선,37.505396,127.106995,서울특별시 송파구 송파대로 지하439(석촌동),서울교통공사,전체_도시철도역사정보_20260228
station_unique:567,석촌고분,수도권  도시철도 9호선,37.502439,127.096611,서울특별시 송파구 삼학사로 지하 53 ,서울시메트로9호선㈜,전체_도시철도역사정보_20260228
station_unique:568,선릉,2호선,37.504257,127.048174,서울특별시 강남구 테헤란로 지하340(삼성동),서울교통공사,전체_도시철도역사정보_20260228
station_unique:569,선릉역,분당선,37.504479,127.048941,서울시 강남구 테헤란로 지하 340,한국철도공사,전체_도시철도역사정보_20260228
station_unique:570,선바위역,안산과천선,37.451854,127.002164,경기도 과천시 중앙로 440,한국철도공사,전체_도시철도역사정보_20260228
station_unique:571,선부역,서해선,37.33459,126.81,경기도 안산시 단원구 선부광장로 34,한국철도공사,전체_도시철도역사정보_20260228
station_unique:572,선유도,서울 도시철도 9호선,37.537778,126.893889,서울특별시 영등포구 양평로 지하124,서울특별시 서울시메트로9호선㈜,전체_도시철도역사정보_20260228
station_unique:573,선정릉,수도권  도시철도 9호선,37.51028,127.0437593,서울특별시 강남구 선릉로 580,서울시메트로9호선㈜,전체_도시철도역사정보_20260228
station_unique:574,선정릉역,분당선,37.510775,127.043717,서울시 강남구 선릉로 지하 580(삼성동),한국철도공사,전체_도시철도역사정보_20260228
station_unique:575,선학,인천지하철 1호선,37.426985,126.698872,인천광역시 연수구 경원대로 480,인천교통공사,전체_도시철도역사정보_20260228
station_unique:576,설화명곡,대구 도시철도 1호선,35.7986179,128.4893927,달성군 화원읍 비슬로 2476,대구교통공사,전체_도시철도역사정보_20260228
station_unique:577,성균관대역,경부선,37.300344,126.970861,경기도 수원시 장안구 서부로 2149,한국철도공사,전체_도시철도역사정보_20260228
station_unique:578,성남역,경강선,37.394709,127.11949,경기도 성남시 분당구 백현동 545-1,한국철도공사,전체_도시철도역사정보_20260228
station_unique:579,성복,신분당선,37.31374251,127.08057578,경기도 용인시 수지구 수지로 지하134,경기도 신분당선,전체_도시철도역사정보_20260228
station_unique:580,성서산업단지,대구 도시철도 2호선,35.8518236,128.5071662,달서구 달구벌대로 지하1280 (이곡동),대구교통공사,전체_도시철도역사정보_20260228
station_unique:581,성수,2호선,37.544628,127.055983,서울특별시 성동구 아차산로 100(성수동2가),서울교통공사,전체_도시철도역사정보_20260228
station_unique:582,성신여대입구,우이신설선,37.59247,127.01656,서울특별시 성북구 동선동1가 116-1,우이신설경전철운영㈜,전체_도시철도역사정보_20260228
station_unique:583,성신여대입구(돈암),4호선,37.592882,127.016908,서울특별시 성북구 동소문로 지하102(동선동4가),서울교통공사,전체_도시철도역사정보_20260228
station_unique:584,성환역,경부선,36.915781,127.127007,충남 천안시 서북구 성환읍 성환1로 237-5(성환리 449-128),한국철도공사,전체_도시철도역사정보_20260228
station_unique:585,세류역,경부선,37.244102,127.013772,경기도 수원시 권선구 정조로 393-1,한국철도공사,전체_도시철도역사정보_20260228
station_unique:586,세마역,경부선,37.187288,127.043279,경기도 오산시 세마역로 88,한국철도공사,전체_도시철도역사정보_20260228
station_unique:587,세종대왕릉역,경강선,37.293636,127.570764,경기도 여주시 능서면 양화로 877,한국철도공사,전체_도시철도역사정보_20260228
station_unique:588,센텀시티,부산 도시철도 2호선,35.16892,129.131764,부산광역시 해운대구 센텀남대로 지하 76,부산광역시 부산교통공사,전체_도시철도역사정보_20260228
station_unique:589,센텀역,동해선,35.1793,129.1245,부산시 해운대구 해운대로 210,한국철도공사,전체_도시철도역사정보_20260228
station_unique:590,센트럴파크,인천지하철 1호선,37.392833,126.635002,인천광역시 연수구 인천타워대로 240,인천교통공사,전체_도시철도역사정보_20260228
station_unique:591,소래포구역,수인선,37.400963,126.733533,인천시 남동구 소래역로 51,한국철도공사,전체_도시철도역사정보_20260228
station_unique:592,소사역,서해선,37.482755,126.7950654,경기도 부천시 소사구 경인로 363,한국철도공사,전체_도시철도역사정보_20260228
station_unique:593,소사역,경인선,37.482755,126.795654,경기도 부천시 소사구 경인로 363,한국철도공사,전체_도시철도역사정보_20260228
station_unique:594,소새울역,서해선,37.4685046,126.797228,경기도 부천시 소사로 지하 284,한국철도공사,전체_도시철도역사정보_20260228
station_unique:595,소요산역,경원선,37.948608,127.061007,경기도 동두천시 평화로 2925(상봉암동 126),한국철도공사,전체_도시철도역사정보_20260228
station_unique:596,소태,광주도시철도 1호선,35.124108,126.932013,광주광역시 동구 남문로 지하 587(소태동),광주교통공사,전체_도시철도역사정보_20260228
station_unique:597,솔밭공원,우이신설선,37.65607,127.01326,서울특별시 강북구 삼양로 595,우이신설경전철운영㈜,전체_도시철도역사정보_20260228
station_unique:598,솔샘,우이신설선,37.62037,127.01357,서울특별시 강북구 솔샘로 지하 189,우이신설경전철운영㈜,전체_도시철도역사정보_20260228
station_unique:599,송내역,경인선,37.487626,126.753045,경기도 부천시 소사구 송내대로 43,한국철도공사,전체_도시철도역사정보_20260228
station_unique:600,송도달빛축제공원,인천지하철 1호선,37.40687495,126.6260537,인천광역시 연수구 송도동 340,인천교통공사,전체_도시철도역사정보_20260228
station_unique:601,송도역,수인선,37.429714,126.654486,인천시 연수구 비류대로 175(옥련동),한국철도공사,전체_도시철도역사정보_20260228
station_unique:602,송산,의정부,37.7371698,127.0872755,경기도 의정부시 충의로 59,의정부경량전철㈜,전체_도시철도역사정보_20260228
station_unique:603,송정,5호선,37.561201,126.812052,서울특별시 강서구 공항대로 지하33(공항동),서울교통공사,전체_도시철도역사정보_20260228
station_unique:604,송정공원,광주도시철도 1호선,35.143565,126.799245,광주광역시 광산구 상무대로 지하 314-99(송정동),광주교통공사,전체_도시철도역사정보_20260228
station_unique:605,송정역,동해선,35.187832,129.202069,부산시 해운대구 해운대로 1147,한국철도공사,전체_도시철도역사정보_20260228
station_unique:606,송탄역,경부선,37.075376,127.054397,경기도 평택시 신장동 송탄공원로 43,한국철도공사,전체_도시철도역사정보_20260228
station_unique:607,송파,8호선,37.49978,127.11212,서울특별시 송파구 송파대로 지하354(가락동),서울교통공사,전체_도시철도역사정보_20260228
station_unique:608,송파나루,수도권  도시철도 9호선,37.51055,127.112451,서울특별시 송파구 백제고분로 지하 446,서울시메트로9호선㈜,전체_도시철도역사정보_20260228
station_unique:609,송현,대구 도시철도 1호선,35.831092,128.551755,달서구 월배로 지하412 (송현동),대구교통공사,전체_도시철도역사정보_20260228
station_unique:610,수내역,분당선,37.378435,127.114216,경기도 성남시 분당구 성남대로 지하 491(수내동),한국철도공사,전체_도시철도역사정보_20260228
station_unique:611,수락산,7호선,37.677804,127.055314,서울특별시 노원구 동일로 지하1662(상계동),서울교통공사,전체_도시철도역사정보_20260228
station_unique:612,수로왕릉,부산김해경전철,35.2328215,128.8721409,경상남도 김해시 김해대로 2181,부산-김해경전철㈜,전체_도시철도역사정보_20260228
station_unique:613,수리산역,안산과천선,37.350297,126.925537,경기도 군포시 번영로 385,한국철도공사,전체_도시철도역사정보_20260228
station_unique:614,수색역,경의중앙선,37.580855,126.895681,서울시 은평구 수색로 261-1,한국철도공사,전체_도시철도역사정보_20260228
station_unique:615,수서,3호선,37.4875,127.101924,서울특별시 강남구 광평로 지하270(수서동),서울교통공사,전체_도시철도역사정보_20260228
station_unique:616,수서역,분당선,37.487633,127.101118,서울시 강남구 광평로 지하 270(수서동),한국철도공사,전체_도시철도역사정보_20260228
station_unique:617,수성구민운동장,대구 도시철도 3호선,35.85240979,128.6251246, 수성구 동대구로 248(범어동),대구교통공사,전체_도시철도역사정보_20260228
station_unique:618,수성구청(KBS),대구 도시철도 2호선,35.85874022,128.6359517,수성구 달구벌대로 지하2500 (범어동),대구교통공사,전체_도시철도역사정보_20260228
station_unique:619,수성못(TBC),대구 도시철도 3호선,35.83135605,128.6232167, 수성구 동대구로 14(지산동),대구교통공사,전체_도시철도역사정보_20260228
station_unique:620,수성시장,대구 도시철도 3호선,35.85431676,128.6160292, 수성구 명덕로 420(수성동2가),대구교통공사,전체_도시철도역사정보_20260228
station_unique:621,수성알파시티(삼성라이온즈파크),대구 도시철도 2호선,35.842718,128.67999,수성구 달구벌대로 지하2950 (연호동),대구교통공사,전체_도시철도역사정보_20260228
station_unique:622,수안,부산 경량도시철도 4호선,35.20183,129.08378,부산광역시 동래구 충렬대로 지하 223,부산광역시 부산교통공사,전체_도시철도역사정보_20260228
station_unique:623,수영,부산 도시철도 2호선,35.16578,129.114842,부산광역시 수영구 수영로 지하 677,부산광역시 부산교통공사,전체_도시철도역사정보_20260228
station_unique:624,수영,부산 도시철도 3호선,35.16775,129.11458,부산광역시 수영구 수영로 677,부산광역시 부산교통공사,전체_도시철도역사정보_20260228
station_unique:625,수원시청역,분당선,37.261941,127.030736,경기도 수원시 권선구 효원로 270,한국철도공사,전체_도시철도역사정보_20260228
station_unique:626,수원역,경부선,37.266162,126.999821,경기도 수원시 팔달구 덕영대로 924,한국철도공사,전체_도시철도역사정보_20260228
station_unique:627,수원역(분당),분당선,37.266162,127.000082,경기도 수원시 팔달구 덕영대로 944,한국철도공사,전체_도시철도역사정보_20260228
station_unique:628,수유(강북구청),4호선,37.637727,127.025371,서울특별시 강북구 도봉로 지하338(수유동),서울교통공사,전체_도시철도역사정보_20260228
station_unique:629,수정,부산 도시철도 2호선,35.22336,129.00922,부산광역시 북구 금곡대로 지하160 ,부산광역시 부산교통공사,전체_도시철도역사정보_20260228
station_unique:630,수지구청,신분당선,37.32250096,127.09477813,경기도 용인시 수지구 풍덕천로 지하120 ,경기도 신분당선,전체_도시철도역사정보_20260228
station_unique:631,수진,8호선,37.437575,127.140936,경기도 성남시 수정구 산성대로 지하200(수진동),서울교통공사,전체_도시철도역사정보_20260228
station_unique:632,숙대입구(갈월),4호선,37.5447834,126.9721,서울특별시 용산구 한강대로 지하306(갈월동),서울교통공사,전체_도시철도역사정보_20260228
station_unique:633,숙등,부산 도시철도 3호선,35.21197,129.01275,부산광역시 북구 만덕대로 지하 79,부산광역시 부산교통공사,전체_도시철도역사정보_20260228
station_unique:634,숭실대입구(살피재),7호선,37.496258,126.953649,서울특별시 동작구 상도로 지하378(상도동),서울교통공사,전체_도시철도역사정보_20260228
station_unique:635,숭의역,수인선,37.460891,126.638035,인천시 남구 인주대로 지하6,한국철도공사,전체_도시철도역사정보_20260228
station_unique:636,시민공원,인천지하철 2호선,37.458339,126.6810091,인천광역시 미추홀구 경인로 371 (주안동),인천교통공사,전체_도시철도역사정보_20260228
station_unique:637,시우역,서해선,37.3130967,126.795503,경기도 안산시 단원구 동산로 지하 50,한국철도공사,전체_도시철도역사정보_20260228
station_unique:638,시청,대전 도시철도 1호선,36.351673,127.386739,대전광역시 서구 둔산중로 지하 55(둔산동),대전교통공사,전체_도시철도역사정보_20260228
station_unique:639,시청,2호선,37.563534,126.975271,서울특별시 중구 서소문로 지하127(서소문동),서울교통공사,전체_도시철도역사정보_20260228
station_unique:640,시청,1호선,37.565211,126.977207,서울특별시 중구 세종대로 지하101(정동),서울교통공사,전체_도시철도역사정보_20260228
station_unique:641,시청(연제),부산 도시철도 1호선,35.17972,129.07667,부산광역시 연제구 중앙대로 지하 1017,부산광역시 부산교통공사,전체_도시철도역사정보_20260228
station_unique:642,시청·용인대,에버라인,37.23944203,127.1788851,경기도 용인시 처인구 중부대로 1199-1,경기도 용인경전철,전체_도시철도역사정보_20260228
station_unique:643,시흥능곡역,서해선,37.3699903,126.808594,경기도 시흥시 시흥대로 지하 327,한국철도공사,전체_도시철도역사정보_20260228
station_unique:644,시흥대야역,서해선,37.4504787,126.793142,경기도 부천시 소사로 지하 120,한국철도공사,전체_도시철도역사정보_20260228
station_unique:645,시흥시청역,서해선,37.3814109,126.805946,경기도 시흥시 시흥대로 지하 467,한국철도공사,전체_도시철도역사정보_20260228
station_unique:646,신갈역,분당선,37.286127,127.111311,경기도 용인시 기흥구 기흥로 136,한국철도공사,전체_도시철도역사정보_20260228
station_unique:647,신검단중앙,인천지하철 1호선,37.6026,126.698611,인천광역시 서구 원당로652,인천교통공사,전체_도시철도역사정보_20260228
station_unique:648,신금호,5호선,37.554504,127.020403,서울특별시 성동구 금호로 지하154(금호동2가),서울교통공사,전체_도시철도역사정보_20260228
station_unique:649,신기,대구 도시철도 1호선,35.866761,128.701724,동구 안심로 지하159 (신기동),대구교통공사,전체_도시철도역사정보_20260228
station_unique:650,신길,5호선,37.51763,126.914886,서울특별시 영등포구 경인로114가길 지하9(영등포동1가),서울교통공사,전체_도시철도역사정보_20260228
station_unique:651,신길역,경부선,37.517018,126.917743,서울시 영등포구 영등포로 327,한국철도공사,전체_도시철도역사정보_20260228
station_unique:652,신내,6호선,37.612571,127.104326,서울특별시 중랑구 용마산로136길 33 신내차량기지,서울교통공사,전체_도시철도역사정보_20260228
station_unique:653,신내역,경춘선,37.612855,127.103277,서울시 중랑구 망우동 320-2,한국철도공사,전체_도시철도역사정보_20260228
station_unique:654,신논현,신분당선,37.50405543,127.0247306,서울특별시 강남구 강남대로 302-2,경기도 신분당선,전체_도시철도역사정보_20260228
station_unique:655,신논현,서울 도시철도 9호선,37.504444,127.024417,서울특별시 강남구 봉은사로 지하102,서울특별시 서울시메트로9호선㈜,전체_도시철도역사정보_20260228
station_unique:656,신답,2호선,37.569847,127.047048,서울특별시 성동구 천호대로 232(용답동),서울교통공사,전체_도시철도역사정보_20260228
station_unique:657,신당,2호선,37.565675,127.0194259,서울특별시 중구 퇴계로 지하431-1(신당동),서울교통공사,전체_도시철도역사정보_20260228
station_unique:658,신당,6호선,37.566174,127.016158,서울특별시 중구 다산로 지하260(흥인동),서울교통공사,전체_도시철도역사정보_20260228
station_unique:659,신대방,2호선,37.487604,126.913479,서울특별시 동작구 대림로 2(신대방동),서울교통공사,전체_도시철도역사정보_20260228
station_unique:660,신대방삼거리,7호선,37.499717,126.928218,서울특별시 동작구 상도로 지하76(대방동),서울교통공사,전체_도시철도역사정보_20260228
station_unique:661,신도림,2호선,37.508815,126.891222,서울특별시 구로구 새말로 지하 117-21(신도림동),서울교통공사,전체_도시철도역사정보_20260228
station_unique:662,신도림역,경부선,37.508983,126.891513,서울시 구로구 새말로 117-21,한국철도공사,전체_도시철도역사정보_20260228
station_unique:663,신둔도예촌역,경강선,37.315499,127.405251,경기도 이천시 신둔면 남정로 55,한국철도공사,전체_도시철도역사정보_20260228
station_unique:664,신림,2호선,37.484216,126.929573,서울특별시 관악구 남부순환로 지하1614(신림동),서울교통공사,전체_도시철도역사정보_20260228
station_unique:665,신림,수도권 경량도시철도 신림선,37.484890755,126.92960992,서울특별시 관악구 남부순환로 지하1614 (신림동),남서울경전철 주식회사,전체_도시철도역사정보_20260228
station_unique:666,신매,대구 도시철도 2호선,35.8408,128.705,수성구 달구벌대로 지하3180 (매호동),대구교통공사,전체_도시철도역사정보_20260228
station_unique:667,신목동,서울 도시철도 9호선,37.544167,126.883056,서울특별시 양천구 목동중앙로 지하217,서울특별시 서울시메트로9호선㈜,전체_도시철도역사정보_20260228
station_unique:668,신반포,서울 도시철도 9호선,37.5035033,126.996044,서울특별시 서초구 신반포로 지하105,서울특별시 서울시메트로9호선㈜,전체_도시철도역사정보_20260228
station_unique:669,신방화,서울 도시철도 9호선,37.5675,126.816667,서울특별시 강서구 방화대로 지하301,서울특별시 서울시메트로9호선㈜,전체_도시철도역사정보_20260228
station_unique:670,신사,신분당선,37.51612526,127.0195609,서울특별시 강남구 강남대로 620-2,경기도 신분당선,전체_도시철도역사정보_20260228
station_unique:671,신사,3호선,37.516438,127.020247,서울특별시 강남구 도산대로 지하102(신사동),서울교통공사,전체_도시철도역사정보_20260228
station_unique:672,신설동,2호선,37.574653,127.025158,서울특별시 동대문구 왕산로 지하 1(신설동),서울교통공사,전체_도시철도역사정보_20260228
station_unique:673,신설동,1호선,37.576117,127.02471,서울특별시 동대문구 왕산로 지하1(신설동),서울교통공사,전체_도시철도역사정보_20260228
station_unique:674,신설동,우이신설선,37.57659,127.023221,서울특별시 동대문구 신설동 132-259,우이신설경전철운영㈜,전체_도시철도역사정보_20260228
station_unique:675,신연수,인천지하철 1호선,37.418032,126.693853,인천광역시 연수구 경원대로 368,인천교통공사,전체_도시철도역사정보_20260228
station_unique:676,신용산,4호선,37.52909,126.96788,서울특별시 용산구 한강대로 지하112(한강로2가),서울교통공사,전체_도시철도역사정보_20260228
station_unique:677,신원역,경의중앙선,37.525921,127.372745,경기도 양평군 양서면 신원역길 7  _x000D_,한국철도공사,전체_도시철도역사정보_20260228
station_unique:678,신이문역,경원선,37.601829,127.067347,서울시 동대문구 한천로 472(이문로 7),한국철도공사,전체_도시철도역사정보_20260228
station_unique:679,신장림,부산 도시철도 1호선,35.074222,128.976538,부산광역시 사하구 다대로 지하310,부산광역시 부산교통공사,전체_도시철도역사정보_20260228
station_unique:680,신정(은행정),5호선,37.525001,126.856176,서울특별시 양천구 오목로 지하179(신정동),서울교통공사,전체_도시철도역사정보_20260228
station_unique:681,신정네거리,2호선,37.520218,126.852849,서울특별시 양천구 중앙로 지하261(신정동),서울교통공사,전체_도시철도역사정보_20260228
station_unique:682,신중동,도시철도 7호선,37.503081,126.776161,경기도 부천시 원미구 길주로 지하 314 (중동),인천교통공사,전체_도시철도역사정보_20260228
station_unique:683,신창(순천향대)역,장항선,36.769213,126.950129,충남 아산시 신창면 행목로 50,한국철도공사,전체_도시철도역사정보_20260228
station_unique:684,신천(경북대입구),대구 도시철도 1호선,35.874527,128.617244,동구 동부로 지하41 (신천동),대구교통공사,전체_도시철도역사정보_20260228
station_unique:685,신천역,서해선,37.4391147,126.786835,경기도 시흥시 서해안로 지하 1670,한국철도공사,전체_도시철도역사정보_20260228
station_unique:686,신촌(지하),2호선,37.555153,126.93689,서울특별시 마포구 신촌로 지하90(노고산동),서울교통공사,전체_도시철도역사정보_20260228
station_unique:687,신촌역,경의중앙선,37.559768,126.942308,서울특별시 서대문구 신촌역로 30 신촌민자역사,한국철도공사,전체_도시철도역사정보_20260228
station_unique:688,신평,부산 도시철도 1호선,35.09556,128.96056,부산광역시 사하구 하신번영로 140,부산광역시 부산교통공사,전체_도시철도역사정보_20260228
station_unique:689,신포역,수인선,37.468442,126.624509,인천시 중구 우현로 지하 3,한국철도공사,전체_도시철도역사정보_20260228
station_unique:690,신풍,7호선,37.500107,126.909806,서울특별시 영등포구 신풍로 지하27(신길동),서울교통공사,전체_도시철도역사정보_20260228
station_unique:691,신해운대역,동해선,35.181832,129.176696,부산시 해운대구 장산로 427,한국철도공사,전체_도시철도역사정보_20260228
station_unique:692,신현역,서해선,37.4091399,126.78788,경기도 시승시 신현로 12번길 지하 2-10,한국철도공사,전체_도시철도역사정보_20260228
station_unique:693,신흥,대전 도시철도 1호선,36.319652,127.448792,대전광역시 동구 옥천로 지하 70 (판암동),대전교통공사,전체_도시철도역사정보_20260228
station_unique:694,신흥,8호선,37.440952,127.14759,경기도 성남시 수정구 산성대로 지하280(신흥동),서울교통공사,전체_도시철도역사정보_20260228
station_unique:695,쌍문,4호선,37.648274,127.034381,서울특별시 도봉구 도봉로 지하 486-1(창동),서울교통공사,전체_도시철도역사정보_20260228
station_unique:696,쌍용(나사렛대)역,장항선,36.793745,127.121363,충청남도 천안시 서북구 쌍용19로 20  _x000D_,한국철도공사,전체_도시철도역사정보_20260228
station_unique:697,쌍촌,광주도시철도 1호선,35.151793,126.869519,광주광역시 서구 상무대로 지하 983(쌍촌동),광주교통공사,전체_도시철도역사정보_20260228
station_unique:698,"아라(북부법원, 검찰청)",인천지하철 1호선,37.592222,126.713333,인천광역시 서구 당하동 1238,인천교통공사,전체_도시철도역사정보_20260228
station_unique:699,아산역,장항선,36.792195,127.104384,충남 아산시 배방읍 희망로 90(장재리 325-3),한국철도공사,전체_도시철도역사정보_20260228
station_unique:700,아시아드경기장,인천지하철 2호선,37.551373,126.677075,인천광역시 서구 서곶로 382 (연희동),인천교통공사,전체_도시철도역사정보_20260228
station_unique:701,아신역,경의중앙선,37.513954,127.443238,경기도 양평군 옥천면 아신역길 1길 23-3,한국철도공사,전체_도시철도역사정보_20260228
station_unique:702,아양교(대구국제공항입구),대구 도시철도 1호선,35.887208,128.639572,동구 아양로 지하245 (신암동),대구교통공사,전체_도시철도역사정보_20260228
station_unique:703,아차산(어린이대공원후문),5호선,37.552005,127.089609,서울특별시 광진구 천호대로 지하657(능동),서울교통공사,전체_도시철도역사정보_20260228
station_unique:704,아현,2호선,37.557407,126.956079,서울특별시 마포구 신촌로 지하270(아현동),서울교통공사,전체_도시철도역사정보_20260228
station_unique:705,안국,3호선,37.576562,126.98547,서울특별시 종로구 율곡로 지하62(안국동),서울교통공사,전체_도시철도역사정보_20260228
station_unique:706,안락역,동해선,35.196007,129.101062,부산광역시 동래구 안락동 201-2,한국철도공사,전체_도시철도역사정보_20260228
station_unique:707,안산역,수인선|안산과천선,37.327006,126.788748,경기도 안산시 단원구 중앙대로 462,한국철도공사,전체_도시철도역사정보_20260228
station_unique:708,안심(혁신도시·첨복단지),대구 도시철도 1호선,35.8712,128.7338,동구 안심로 지하455 (괴전동),대구교통공사,전체_도시철도역사정보_20260228
station_unique:709,안암(고대병원앞),6호선,37.586261,127.02903,서울특별시 성북구 고려대로 지하89(안암동5가),서울교통공사,전체_도시철도역사정보_20260228
station_unique:710,안양역,경부선,37.401929,126.922647,경기도 안양시 만안구 만안로 232,한국철도공사,전체_도시철도역사정보_20260228
station_unique:711,안지랑,대구 도시철도 1호선,35.8392,128.574,남구 대명로 지하141 (대명동),대구교통공사,전체_도시철도역사정보_20260228
station_unique:712,안평,부산 경량도시철도 4호선,35.23733,129.17183,부산광역시 기장군 철마면 반송로 1001,부산광역시 부산교통공사,전체_도시철도역사정보_20260228
station_unique:713,암사,8호선,37.550127,127.127521,서울특별시 강동구 올림픽로 지하776(암사동),서울교통공사,전체_도시철도역사정보_20260228
station_unique:714,암사역사공원,8호선,37.557167,127.137556,서울시 강동구 아리수로 27번길 2,서울교통공사,전체_도시철도역사정보_20260228
station_unique:715,압구정,3호선,37.526169,127.028502,서울특별시 강남구 압구정로 지하172(신사동),서울교통공사,전체_도시철도역사정보_20260228
station_unique:716,압구정로데오역,분당선,37.527385,127.040555,서울시 강남구 압구정동 495(강남구 압구정로 지하 402),한국철도공사,전체_도시철도역사정보_20260228
station_unique:717,애오개,5호선,37.553592,126.956733,서울특별시 마포구 마포대로 지하210(아현동),서울교통공사,전체_도시철도역사정보_20260228
station_unique:718,야당역,경의중앙선,37.712749,126.761535,경기도 파주시 소리천로 10,한국철도공사,전체_도시철도역사정보_20260228
station_unique:719,야목역,수인선,37.261211,126.884029,경기도 화성시 매송면 본오매송로 286(야목리),한국철도공사,전체_도시철도역사정보_20260228
station_unique:720,야탑역,분당선,37.41132,127.128661,경기도 성남시 성남대로 지하 903(야탑동 688-1),한국철도공사,전체_도시철도역사정보_20260228
station_unique:721,약수,6호선,37.554087,127.010237,서울특별시 중구 다산로 지하115(신당동),서울교통공사,전체_도시철도역사정보_20260228
station_unique:722,약수,3호선,37.554554,127.010858,서울특별시 중구 다산로 지하122(신당동),서울교통공사,전체_도시철도역사정보_20260228
station_unique:723,양동시장,광주도시철도 1호선,35.154176,126.901089,광주광역시 서구 경열로 지하 152(양동),광주교통공사,전체_도시철도역사정보_20260228
station_unique:724,양산,부산 도시철도 2호선,35.33851,129.02643,경상남도 양산시 강변로 441,부산광역시 부산교통공사,전체_도시철도역사정보_20260228
station_unique:725,양수역,경의중앙선,37.545998,127.328948,경기도 양평군 양서면 목왕로 55-10,한국철도공사,전체_도시철도역사정보_20260228
station_unique:726,양원역,경의중앙선,36.963729,129.091321,서울시 중랑구 송림길 147(망우동),한국철도공사,전체_도시철도역사정보_20260228
station_unique:727,양재(서초구청),신분당선,37.48445352,127.0340995,서울시 서초구 남부순환로 지하 2585,경기도 신분당선,전체_도시철도역사정보_20260228
station_unique:728,양재(서초구청),3호선,37.48458,127.03423,서울특별시 서초구 남부순환로 지하2585(서초동),서울교통공사,전체_도시철도역사정보_20260228
station_unique:729,양재시민의숲(매헌),신분당선,37.47096388,127.0384203,서울특별시 서초구 매헌로 지하 116,경기도 신분당선,전체_도시철도역사정보_20260228
station_unique:730,양정,부산 도시철도 1호선,35.17304,129.07119,부산광역시 부산진구 중앙대로 지하930 ,부산광역시 부산교통공사,전체_도시철도역사정보_20260228
station_unique:731,양정역,경의중앙선,37.604269,127.194602,경기도 남양주시 경강로 237(이패동 398-32),한국철도공사,전체_도시철도역사정보_20260228
station_unique:732,양주역,경원선,37.774281,127.044719,경기도 양주시 평화로 919(남방동 94-1),한국철도공사,전체_도시철도역사정보_20260228
station_unique:733,양천구청,2호선,37.5123294,126.865593,서울특별시 양천구 목동로3길 지하33(신정동),서울교통공사,전체_도시철도역사정보_20260228
station_unique:734,양천향교,서울 도시철도 9호선,37.568333,126.841389,서울특별시 강서구 양천로 지하341,서울특별시 서울시메트로9호선㈜,전체_도시철도역사정보_20260228
station_unique:735,양촌역,김포도시철도,37.641639,126.614694,경기도 김포시 양촌읍 양촌역길 107,김포골드라인에스알에스㈜,전체_도시철도역사정보_20260228
station_unique:736,양평,5호선,37.525614,126.886177,서울특별시 영등포구 양산로 지하21(양평동2가),서울교통공사,전체_도시철도역사정보_20260228
station_unique:737,양평역,경의중앙선,37.492674,127.491858,경기도 양평군 양평읍 역전길 30,한국철도공사,전체_도시철도역사정보_20260228
station_unique:738,어룡,의정부,37.74272184,127.0852045,경기도 의정부시 충의로 125,의정부경량전철㈜,전체_도시철도역사정보_20260228
station_unique:739,어린이대공원(세종대),7호선,37.547962,127.07465,서울특별시 광진구 능동로 지하210(화양동),서울교통공사,전체_도시철도역사정보_20260228
station_unique:740,어린이세상,대구 도시철도 3호선,35.84516989,128.6244677, 수성구 동대구로 166(황금동),대구교통공사,전체_도시철도역사정보_20260228
station_unique:741,어정,에버라인,37.27495132,127.1437499,경기도 용인시 기흥구 어정로 128,경기도 용인경전철,전체_도시철도역사정보_20260228
station_unique:742,어천역,수인선,37.250076,126.908805,경기도 화성시 매송면 화성로 2227-5(어천리),한국철도공사,전체_도시철도역사정보_20260228
station_unique:743,언주,수도권  도시철도 9호선,37.507287,127.033868,서울특별시 강남구 봉은사로 201,서울시메트로9호선㈜,전체_도시철도역사정보_20260228
station_unique:744,여의나루,5호선,37.527045,126.932807,서울특별시 영등포구 여의동로 지하343(여의도동),서울교통공사,전체_도시철도역사정보_20260228
station_unique:745,여의도,5호선,37.521678,126.924318,서울특별시 영등포구 여의나루로 지하40(여의도동),서울교통공사,전체_도시철도역사정보_20260228
station_unique:746,여의도,서울 도시철도 9호선,37.521744,126.924167,서울특별시 영등포구 의사당대로 지하101 (여의도동),서울특별시 서울시메트로9호선㈜,전체_도시철도역사정보_20260228
station_unique:747,여주역,경강선,37.282881,127.628571,경기도 여주시 교동로 80(교동 403-1),한국철도공사,전체_도시철도역사정보_20260228
station_unique:748,역곡역,경인선,37.48514,126.811622,경기도 부천시 원미구 역곡로 1(역곡동),한국철도공사,전체_도시철도역사정보_20260228
station_unique:749,역삼,2호선,37.500658,127.03643,서울특별시 강남구 테헤란로 지하156(역삼동),서울교통공사,전체_도시철도역사정보_20260228
station_unique:750,역촌,6호선,37.60605,126.922764,서울특별시 은평구 서오릉로 지하63(녹번동),서울교통공사,전체_도시철도역사정보_20260228
station_unique:751,연산,부산 도시철도 1호선,35.18611,129.08167,부산광역시 연제구 중앙대로 지하 1101,부산광역시 부산교통공사,전체_도시철도역사정보_20260228
station_unique:752,연산,부산 도시철도 3호선,35.18614,129.08147,부산광역시 연제구 연산동 1515-1번지,부산광역시 부산교통공사,전체_도시철도역사정보_20260228
station_unique:753,연수역,수인선,37.417769,126.678991,인천시 연수구 벚꽃로 115,한국철도공사,전체_도시철도역사정보_20260228
station_unique:754,연신내,6호선,37.618483,126.920403,서울특별시 은평구 통일로 지하849(갈현동),서울교통공사,전체_도시철도역사정보_20260228
station_unique:755,연신내,3호선,37.619295,126.920959,서울특별시 은평구 통일로 지하849(갈현동),서울교통공사,전체_도시철도역사정보_20260228
station_unique:756,연지공원,부산김해경전철,35.24965763,128.8692908,경상남도 김해시 해반천로 5,부산-김해경전철㈜,전체_도시철도역사정보_20260228
station_unique:757,연천역,경원선,38.100485,127.07368,경기도 연천군 연천읍 연천로 273-7(차탄리),한국철도공사,전체_도시철도역사정보_20260228
station_unique:758,연호,대구 도시철도 2호선,35.8465,128.67185,수성구 달구벌대로 지하2870 (연호동),대구교통공사,전체_도시철도역사정보_20260228
station_unique:759,염창,서울 도시철도 9호선,37.546944,126.874722,서울특별시 강서구 공항대로 지하631,서울특별시 서울시메트로9호선㈜,전체_도시철도역사정보_20260228
station_unique:760,영남대,대구 도시철도 2호선,35.836373,128.752966,"경상북도 경산시 대학로 지하270 (대동, 영남대역)",대구교통공사,전체_도시철도역사정보_20260228
station_unique:761,영대병원,대구 도시철도 1호선,35.8442516,128.5882407,남구 대명로 지하292 (대명동),대구교통공사,전체_도시철도역사정보_20260228
station_unique:762,영등포구청,5호선,37.524209,126.895022,서울특별시 영등포구 양산로 지하116(당산동3가),서울교통공사,전체_도시철도역사정보_20260228
station_unique:763,영등포구청,2호선,37.525766,126.896627,서울특별시 영등포구 당산로 지하121(당산동3가),서울교통공사,전체_도시철도역사정보_20260228
station_unique:764,영등포시장,5호선,37.52276,126.905143,서울특별시 영등포구 양산로 지하200(영등포동5가),서울교통공사,전체_도시철도역사정보_20260228
station_unique:765,영등포역,경부선,37.515756,126.907411,서울시 영등포구 경인로 846(영등포동 1가 618-496),한국철도공사,전체_도시철도역사정보_20260228
station_unique:766,영산대,부산 경량도시철도 4호선,35.22578,129.14617,부산광역시 해운대구 반송로 803,부산광역시 부산교통공사,전체_도시철도역사정보_20260228
station_unique:767,영종,인천국제공항선,37.51209814,126.5242471,인천광역시 중구 백운로414번길 75,공항철도주식회사,전체_도시철도역사정보_20260228
station_unique:768,영통역,분당선,37.251521,127.071341,경기도 수원시 영통구 봉영로 지하 1560,한국철도공사,전체_도시철도역사정보_20260228
station_unique:769,예술회관,인천지하철 1호선,37.449334,126.700991,인천광역시 남동구 예술로 172,인천교통공사,전체_도시철도역사정보_20260228
station_unique:770,오금,5호선,37.502228,127.127701,서울특별시 송파구 오금로 지하321(오금동),서울교통공사,전체_도시철도역사정보_20260228
station_unique:771,오금,3호선,37.502288,127.128344,서울특별시 송파구 오금로 지하321(오금동),서울교통공사,전체_도시철도역사정보_20260228
station_unique:772,오남역,진접선,37.7054056,127.191644,경기도 남양주시 오남읍 진건오남로 지하 929,남양주도시공사,전체_도시철도역사정보_20260228
station_unique:773,오룡,대전 도시철도 1호선,36.328582,127.405046,대전광역시 중구 계룡로 지하 793(오류동),대전교통공사,전체_도시철도역사정보_20260228
station_unique:774,오류동역,경인선,37.4944,126.844551,서울시 구로구 경인로 20길 13,한국철도공사,전체_도시철도역사정보_20260228
station_unique:775,오리역,분당선,37.339832,127.108985,경기도 성남시 분당구 성남대로 지하 55(구미동 795),한국철도공사,전체_도시철도역사정보_20260228
station_unique:776,오목교(목동운동장앞),5호선,37.524557,126.875049,서울특별시 양천구 오목로 지하342(목동),서울교통공사,전체_도시철도역사정보_20260228
station_unique:777,오목천역,수인선,37.243011,126.9636354,경기도 수원시 권선구 삼천병마로 1576(오목천동),한국철도공사,전체_도시철도역사정보_20260228
station_unique:778,오빈역,경의중앙선,37.506061,127.474053,경기도 양평군 양평읍 덕바위길 58,한국철도공사,전체_도시철도역사정보_20260228
station_unique:779,오산대역,경부선,37.169401,127.063081,경기도 오산시 청학로 236,한국철도공사,전체_도시철도역사정보_20260228
station_unique:780,오산역,경부선,37.145472,127.066708,경기도 오산시 오산동 역광장로 59,한국철도공사,전체_도시철도역사정보_20260228
station_unique:781,오시리아역,동해선,35.196256,129.208291,부산광역시 기장군 기장읍 당사리 261-8,한국철도공사,전체_도시철도역사정보_20260228
station_unique:782,오이도역,수인선|안산과천선,37.361773,126.738437,경기도 시흥시 역전로 430,한국철도공사,전체_도시철도역사정보_20260228
station_unique:783,옥수,3호선,37.541653,127.017303,서울특별시 성동구 동호로 21(옥수동),서울교통공사,전체_도시철도역사정보_20260228
station_unique:784,옥수역,경원선,37.540514,127.018698,서울시 성동구 동호로 지하21(옥수동),한국철도공사,전체_도시철도역사정보_20260228
station_unique:785,온수(성공회대입구),7호선,37.492059,126.823294,서울특별시 구로구 경인로3길 지하64(온수동),서울교통공사,전체_도시철도역사정보_20260228
station_unique:786,온수역,경인선,37.492267,126.823399,서울시 구로구 부일로 872,한국철도공사,전체_도시철도역사정보_20260228
station_unique:787,온양온천역,장항선,36.780419,127.003707,충남 아산시 온천대로 1496(온천동 56-9),한국철도공사,전체_도시철도역사정보_20260228
station_unique:788,온천장,부산 도시철도 1호선,35.22056,129.08667,부산광역시 동래구 중앙대로 1520,부산광역시 부산교통공사,전체_도시철도역사정보_20260228
station_unique:789,올림픽공원(한국체대),수도권  도시철도 9호선,37.516111,127.130333,서울특별시 송파구 양재대로 지하 1233,서울시메트로9호선㈜,전체_도시철도역사정보_20260228
station_unique:790,올림픽공원(한국체대),5호선,37.516217,127.130957,서울특별시 송파구 양재대로 지하1233(방이동),서울교통공사,전체_도시철도역사정보_20260228
station_unique:791,완정,인천지하철 2호선,37.592867,126.672961,인천광역시 서구 원당대로 650 (당하동),인천교통공사,전체_도시철도역사정보_20260228
station_unique:792,왕길,인천지하철 2호선,37.5950191,126.642284,인천광역시 서구 검단로 323 (왕길동),인천교통공사,전체_도시철도역사정보_20260228
station_unique:793,왕십리(성동구청),2호선,37.561289,127.0370615,서울특별시 성동구 왕십리로 지하300(행당동),서울교통공사,전체_도시철도역사정보_20260228
station_unique:794,왕십리(성동구청),5호선,37.56197,127.037264,서울특별시 성동구 왕십리로 지하300(행당동),서울교통공사,전체_도시철도역사정보_20260228
station_unique:795,왕십리역,분당선,37.5610128,127.038705,서울시 성동구 왕십리 광장로 17(행당동),한국철도공사,전체_도시철도역사정보_20260228
station_unique:796,왕십리역,경원선,37.561728,127.038405,서울시 성동구 왕십리 광장로 17(행당동),한국철도공사,전체_도시철도역사정보_20260228
station_unique:797,왜관역,대경선,35.991821,128.400391,경북 칠곡군 왜관읍 중앙로8길 10,한국철도공사,전체_도시철도역사정보_20260228
station_unique:798,외대앞역,경원선,37.596157,127.063572,서울시 동대문구 휘경로 27(이문동 360-5),한국철도공사,전체_도시철도역사정보_20260228
station_unique:799,용계,대구 도시철도 1호선,35.876256,128.681414,동구 동촌로 지하383 (용계동),대구교통공사,전체_도시철도역사정보_20260228
station_unique:800,용답,2호선,37.562066,127.05087863,서울특별시 성동구 용답길 86(용답동),서울교통공사,전체_도시철도역사정보_20260228
station_unique:801,용두(동대문구청),2호선,37.574012,127.03811,서울특별시 동대문구 천호대로 지하129(용두동),서울교통공사,전체_도시철도역사정보_20260228
station_unique:802,용마산(용마폭포공원),7호선,37.573752,127.086802,서울특별시 중랑구 용마산로 지하227(면목동),서울교통공사,전체_도시철도역사정보_20260228
station_unique:803,용문,대전 도시철도 1호선,36.338252,127.393317,대전광역시 서구 계룡로 지하 644(용문동),대전교통공사,전체_도시철도역사정보_20260228
station_unique:804,용문역,경의중앙선,37.482085,127.594251,경기도 양평군 용문면 다문리 748-2,한국철도공사,전체_도시철도역사정보_20260228
station_unique:805,용산(서부법원․검찰청입구),대구 도시철도 2호선,35.84912,128.5287686,달서구 달구벌대로 지하1476 (용산동),대구교통공사,전체_도시철도역사정보_20260228
station_unique:806,용산역,경부선|경원선,37.52989,126.964775,서울시 용산구 한강대로 23길 55(한강로 3가 40-999),한국철도공사,전체_도시철도역사정보_20260228
station_unique:807,용유역,자기부상철도,37.424805,126.423637,인천시 중구 용유로 44,인천광역시 인천국제공항공사,전체_도시철도역사정보_20260228
station_unique:808,용인중앙시장(용인예술과학대),에버라인,37.2379113,127.2090526,경기도 용인시 처인구 금학로 409,경기도 용인경전철,전체_도시철도역사정보_20260228
station_unique:809,용지,대구 도시철도 3호선,35.8182678,128.6465345, 수성구 범안로 83(범물동),대구교통공사,전체_도시철도역사정보_20260228
station_unique:810,우장산,5호선,37.548864,126.83633,서울특별시 강서구 강서로 지하262(화곡동),서울교통공사,전체_도시철도역사정보_20260228
station_unique:811,운길산역,경의중앙선,37.554659,127.310089,경기도 남양주시 조안면 운길산로 20,한국철도공사,전체_도시철도역사정보_20260228
station_unique:812,운서,인천국제공항선,37.49284463,126.4936619,인천광역시 중구 흰바위로59번길 26,공항철도주식회사,전체_도시철도역사정보_20260228
station_unique:813,운양역,김포도시철도,37.653861,126.683833,경기도 김포시 김포한강1로 지하 235,김포골드라인에스알에스㈜,전체_도시철도역사정보_20260228
station_unique:814,운연,인천지하철 2호선,37.439533,126.759609,인천광역시 남동구 매소홀로 1229 (운연동),인천교통공사,전체_도시철도역사정보_20260228
station_unique:815,운정역,경의중앙선,37.725441,126.767076,경기도 파주시 운정역길 368(야당동 299-4번지),한국철도공사,전체_도시철도역사정보_20260228
station_unique:816,운천,광주도시철도 1호선,35.150486,126.858694,광주광역시 서구 상무대로 지하 883(쌍촌동),광주교통공사,전체_도시철도역사정보_20260228
station_unique:817,운천역,경의중앙선,37.880008,126.769713,경기도 파주시 문산읍 통일로2033번길3,한국철도공사,전체_도시철도역사정보_20260228
station_unique:818,워터파크역,자기부상철도,37.429227,126.434183,인천시 중구 공항로 271,인천광역시 인천국제공항공사,전체_도시철도역사정보_20260228
station_unique:819,원당역,일산선,37.653103,126.842891,경기도 고양시 덕양구 덕양대로 1429(성사1동 4100-7),한국철도공사,전체_도시철도역사정보_20260228
station_unique:820,원대,대구 도시철도 3호선,35.887886,128.574392, 서구 팔달로 224-2(원대동3가),대구교통공사,전체_도시철도역사정보_20260228
station_unique:821,원덕역,경의중앙선,37.468585,127.547468,경기도 양평군 양평읍 원덕흑천길 138,한국철도공사,전체_도시철도역사정보_20260228
station_unique:822,원시역,서해선,37.302654,126.7867897,경기도 안산시 단원구 선단로 지하 70,한국철도공사,전체_도시철도역사정보_20260228
station_unique:823,원인재,인천지하철 1호선,37.412364,126.687893,인천광역시 연수구 경원대로 285,인천교통공사,전체_도시철도역사정보_20260228
station_unique:824,원인재역,수인선,37.412921,126.686952,인천시 연수구 벚꽃로 195,한국철도공사,전체_도시철도역사정보_20260228
station_unique:825,원종역,서해선,37.5240628,126.8048386,경기도 부천시 원종동 404,한국철도공사,전체_도시철도역사정보_20260228
station_unique:826,원흥역,일산선,37.650709,126.873239,"경기도 고양시 덕양구 권율대로 681 (원흥동, 원흥역) 원흥역",한국철도공사,전체_도시철도역사정보_20260228
station_unique:827,월계역,경원선,37.633114,127.058835,서울시 노원구 월계로 53길 40(월계2동 261),한국철도공사,전체_도시철도역사정보_20260228
station_unique:828,월곡(동덕여대),6호선,37.60192,127.041492,서울특별시 성북구 월곡로 지하107(하월곡동),서울교통공사,전체_도시철도역사정보_20260228
station_unique:829,월곶역,수인선,37.39189,126.742741,경기도 시흥시 월곶중앙로 14번길 56,한국철도공사,전체_도시철도역사정보_20260228
station_unique:830,월내역,동해선,35.328177,129.276626,부산시 기장군 장안읍 월내리 141-4,한국철도공사,전체_도시철도역사정보_20260228
station_unique:831,월드컵경기장,대전 도시철도 1호선,36.366825,127.317859,대전광역시 유성구 한밭대로 지하 155(노은동),대전교통공사,전체_도시철도역사정보_20260228
station_unique:832,월드컵경기장(성산),6호선,37.569439,126.899077,서울특별시 마포구 월드컵로 지하240(성산동),서울교통공사,전체_도시철도역사정보_20260228
station_unique:833,월롱역,경의중앙선,37.796201,126.792574,경기도 파주시 월롱면 통일로 980,한국철도공사,전체_도시철도역사정보_20260228
station_unique:834,월배,대구 도시철도 1호선,35.816123,128.530119,달서구 월배로 지하143 (진천동),대구교통공사,전체_도시철도역사정보_20260228
station_unique:835,월촌,대구 도시철도 1호선,35.823695,128.545465,달서구 월배로 지하311 (송현동),대구교통공사,전체_도시철도역사정보_20260228
station_unique:836,월평,대전 도시철도 1호선,36.358272,127.364382,대전광역시 서구 한밭대로 지하 595(월평동),대전교통공사,전체_도시철도역사정보_20260228
station_unique:837,윗반송,부산 경량도시철도 4호선,35.2325,129.15403,부산광역시 해운대구 반송로 917,부산광역시 부산교통공사,전체_도시철도역사정보_20260228
station_unique:838,유성온천,대전 도시철도 1호선,36.353689,127.341524,대전광역시 유성구 계룡로 지하 97(봉명동),대전교통공사,전체_도시철도역사정보_20260228
station_unique:839,율리,부산 도시철도 2호선,35.24672,129.01292,부산광역시 북구 금곡대로 지하 440,부산광역시 부산교통공사,전체_도시철도역사정보_20260228
station_unique:840,율하,대구 도시철도 1호선,35.869751,128.692775,동구 안심로 지하57 (율하동),대구교통공사,전체_도시철도역사정보_20260228
station_unique:841,을지로3가,2호선,37.566292,126.990873,서울특별시 중구 을지로 지하106(을지로3가),서울교통공사,전체_도시철도역사정보_20260228
station_unique:842,을지로3가,3호선,37.566299,126.992616,서울특별시 중구 을지로 지하129(을지로3가),서울교통공사,전체_도시철도역사정보_20260228
station_unique:843,을지로4가,2호선,37.566611,126.997622,서울특별시 중구 을지로 지하178(을지로4가),서울교통공사,전체_도시철도역사정보_20260228
station_unique:844,을지로4가,5호선,37.56728,126.998127,서울특별시 중구 창경궁로 지하51(주교동),서울교통공사,전체_도시철도역사정보_20260228
station_unique:845,을지로입구,2호선,37.565998,126.982569,서울특별시 중구 을지로 지하42(을지로1가),서울교통공사,전체_도시철도역사정보_20260228
station_unique:846,응봉역,경원선,37.550433,127.034824,서울시 성동구 고산자로 123(응봉동),한국철도공사,전체_도시철도역사정보_20260228
station_unique:847,응암,6호선,37.59859,126.915583,서울특별시 은평구 증산로 지하477(신사동),서울교통공사,전체_도시철도역사정보_20260228
station_unique:848,의왕역,경부선,37.320648,126.948099,경기도 의왕시 철도박물관로 66(삼동),한국철도공사,전체_도시철도역사정보_20260228
station_unique:849,의정부시청,의정부,37.73924874,127.034854,경기도 의정부시 의정로 69,의정부경량전철㈜,전체_도시철도역사정보_20260228
station_unique:850,의정부역,경원선,37.73873,127.045891,경기도 의정부시 평화로 525,한국철도공사,전체_도시철도역사정보_20260228
station_unique:851,의정부중앙,의정부,37.74371903,127.0496332,경기도 의정부시 호국로 1305,의정부경량전철㈜,전체_도시철도역사정보_20260228
station_unique:852,이곡,대구 도시철도 2호선,35.85062003,128.5157686,달서구 달구벌대로 지하1357 (이곡동),대구교통공사,전체_도시철도역사정보_20260228
station_unique:853,이대,2호선,37.556734,126.945897,서울특별시 마포구 신촌로 지하180(염리동),서울교통공사,전체_도시철도역사정보_20260228
station_unique:854,이매역,경강선,37.394736,127.127048,경기도 성남시 분당구 성남대로 738,한국철도공사,전체_도시철도역사정보_20260228
station_unique:855,이매역,분당선,37.395846,127.128272,경기도 성남시 성남대로 지하 738,한국철도공사,전체_도시철도역사정보_20260228
station_unique:856,이수,7호선,37.485258,126.981766,서울특별시 동작구 사당로 지하310(사당동),서울교통공사,전체_도시철도역사정보_20260228
station_unique:857,이천역,경강선,37.264222,127.442135,경기도 이천시 이섭대천로 1063,한국철도공사,전체_도시철도역사정보_20260228
station_unique:858,이촌(국립중앙박물관),4호선,37.52919,126.9679818,서울특별시 용산구 서빙고로 지하83(용산동5가),서울교통공사,전체_도시철도역사정보_20260228
station_unique:859,이촌역,경원선,37.522476,126.973816,서울시 용산구 이촌로 71길 42,한국철도공사,전체_도시철도역사정보_20260228
station_unique:860,이태원,6호선,37.534485,126.994369,서울특별시 용산구 이태원로 지하177(이태원동),서울교통공사,전체_도시철도역사정보_20260228
station_unique:861,인덕원역,안산과천선,37.401901,126.976718,경기도 안양시 동안구 흥안대로 529,한국철도공사,전체_도시철도역사정보_20260228
station_unique:862,인제대,부산김해경전철,35.228099,128.901736,경상남도 김해시 김해대로 2515,부산-김해경전철㈜,전체_도시철도역사정보_20260228
station_unique:863,인천가좌,인천지하철 2호선,37.489962,126.675284,인천광역시 서구 가석로 67 (가좌동),인천교통공사,전체_도시철도역사정보_20260228
station_unique:864,인천공항1터미널,인천국제공항선,37.44760672,126.4523433,인천광역시 중구 공항로 271,공항철도주식회사,전체_도시철도역사정보_20260228
station_unique:865,인천공항2터미널,인천국제공항선,37.46866,126.433415,인천광역시 중구 공항로 272,공항철도주식회사,전체_도시철도역사정보_20260228
station_unique:866,인천국제공항역,자기부상철도,37.447222,126.4525,인천시 중구 공항로 271,인천광역시 인천국제공항공사,전체_도시철도역사정보_20260228
station_unique:867,인천논현역,수인선,37.400641,126.722495,인천시 남동구 청능대로 567,한국철도공사,전체_도시철도역사정보_20260228
station_unique:868,인천대공원,인천지하철 2호선,37.448475,126.753051,인천광역시 남동구 수인로 3677 (장수동),인천교통공사,전체_도시철도역사정보_20260228
station_unique:869,인천대입구,인천지하철 1호선,37.386239,126.639351,인천광역시 연수구 인천타워대로 155,인천교통공사,전체_도시철도역사정보_20260228
station_unique:870,인천시청,인천지하철 2호선,37.456904,126.701523,인천광역시 남동구 구월로 지하 99 (간석동),인천교통공사,전체_도시철도역사정보_20260228
station_unique:871,인천시청,인천지하철 1호선,37.457615,126.702216,인천광역시 남동구 예술로 264,인천교통공사,전체_도시철도역사정보_20260228
station_unique:872,인천역,경인선,37.476364,126.616936,인천시 중구 제물량로 269,한국철도공사,전체_도시철도역사정보_20260228
station_unique:873,인천역,수인선,37.476364,126.6174236,인천시 중구 제물량로 269,한국철도공사,전체_도시철도역사정보_20260228
station_unique:874,인천터미널,인천지하철 1호선,37.441917,126.699727,인천광역시 미추홀구 예술로 85,인천교통공사,전체_도시철도역사정보_20260228
station_unique:875,인하대역,수인선,37.448191,126.649832,인천시 남구 용현동 294-3,한국철도공사,전체_도시철도역사정보_20260228
station_unique:876,일광역,동해선,35.2675565,129.2330307,부산광역시 기장군 일광면 이천리 750-4,한국철도공사,전체_도시철도역사정보_20260228
station_unique:877,일산역,경의중앙선|서해선,37.682231,126.769521,경기도 고양시 일산서구 경의로 672,한국철도공사,전체_도시철도역사정보_20260228
station_unique:878,일원,3호선,37.48389,127.08416,서울특별시 강남구 일원로 지하121(일원동),서울교통공사,전체_도시철도역사정보_20260228
station_unique:879,임당,대구 도시철도 2호선,35.834131,128.741076,"경상북도 경산시 대학로 지하170(중방동, 임당역)",대구교통공사,전체_도시철도역사정보_20260228
station_unique:880,임진강역,경의중앙선,37.888364,126.746777,경기도 파주시 문산읍 임진각로 115(문산읍),한국철도공사,전체_도시철도역사정보_20260228
station_unique:881,임학,인천지하철 1호선,37.545058,126.738642,인천광역시 계양구 장제로 875,인천교통공사,전체_도시철도역사정보_20260228
station_unique:882,자갈치,부산 도시철도 1호선,35.0975,129.02694,부산광역시 중구 구덕로 지하 80,부산광역시 부산교통공사,전체_도시철도역사정보_20260228
station_unique:883,자양(뚝섬한강공원),7호선,37.531558,127.066714,서울특별시 광진구 능동로 10(자양동),서울교통공사,전체_도시철도역사정보_20260228
station_unique:884,작전,인천지하철 1호선,37.530271,126.722548,인천광역시 계양구 게양대로 73,인천교통공사,전체_도시철도역사정보_20260228
station_unique:885,잠실(송파구청),2호선,37.513305,127.100129,서울특별시 송파구 올림픽로 지하265(신천동),서울교통공사,전체_도시철도역사정보_20260228
station_unique:886,잠실(송파구청),8호선,37.514649,127.104267,서울특별시 송파구 올림픽로 305(신천동),서울교통공사,전체_도시철도역사정보_20260228
station_unique:887,잠실나루,2호선,37.520688,127.103836,서울특별시 송파구 오금로 20(신천동),서울교통공사,전체_도시철도역사정보_20260228
station_unique:888,잠실새내,2호선,37.511653,127.086224,서울특별시 송파구 올림픽로 지하140(잠실동),서울교통공사,전체_도시철도역사정보_20260228
station_unique:889,잠원,3호선,37.512989,127.011613,서울특별시 서초구 잠원로4길 지하46(잠원동),서울교통공사,전체_도시철도역사정보_20260228
station_unique:890,장기역,김포도시철도,37.644028,126.669,경기도 김포시 김포한강1로 지하 59,김포골드라인에스알에스㈜,전체_도시철도역사정보_20260228
station_unique:891,장기주차장역,자기부상철도,37.44385,126.455671,인천시 중구 공항로 271,인천광역시 인천국제공항공사,전체_도시철도역사정보_20260228
station_unique:892,장림,부산 도시철도 1호선,35.081555,128.9773083,부산광역시 사하구 다대로 지하230,부산광역시 부산교통공사,전체_도시철도역사정보_20260228
station_unique:893,장산,부산 도시철도 2호선,35.17,129.17694,부산광역시 해운대구 해운대로 지하 820,부산광역시 부산교통공사,전체_도시철도역사정보_20260228
station_unique:894,장승배기,7호선,37.504845,126.939025,서울특별시 동작구 상도로 지하188(상도동) ,서울교통공사,전체_도시철도역사정보_20260228
station_unique:895,장신대,부산김해경전철,35.25955642,128.8671142,경상남도 김해시 해반천로 129,부산-김해경전철㈜,전체_도시철도역사정보_20260228
station_unique:896,장암,7호선,37.70015,127.053126,경기도 의정부시 동일로 121(장암동),서울교통공사,전체_도시철도역사정보_20260228
station_unique:897,장자호수공원,8호선,37.587222,127.13793,수택동 870-3 일원(장자2사거리),구리도시공사,전체_도시철도역사정보_20260228
station_unique:898,장전,부산 도시철도 1호선,35.23806,129.08806,부산광역시 금정구 장전온천천로 144,부산광역시 부산교통공사,전체_도시철도역사정보_20260228
station_unique:899,장지,8호선,37.478609,127.126229,서울특별시 송파구 송파대로 지하82(장지동),서울교통공사,전체_도시철도역사정보_20260228
station_unique:900,장한평,5호선,37.561438,127.064601,서울특별시 동대문구 천호대로 지하405(장안동),서울교통공사,전체_도시철도역사정보_20260228
station_unique:901,재송역,동해선,35.188,129.120109,부산시 해운대구 해운대로 100,한국철도공사,전체_도시철도역사정보_20260228
station_unique:902,전곡역,경원선,38.024041,127.071913,경기도 연천군 전곡읍 전곡역로 75(전곡리),한국철도공사,전체_도시철도역사정보_20260228
station_unique:903,전대·에버랜드,에버라인,37.28541327,127.219509,경기도 용인시 처인구 포곡읍 에버랜드로 143,경기도 용인경전철,전체_도시철도역사정보_20260228
station_unique:904,전포,부산 도시철도 2호선,35.15311,129.06533,부산광역시 부산진구 전포대로 지하 181,부산광역시 부산교통공사,전체_도시철도역사정보_20260228
station_unique:905,정릉,우이신설선,37.60278,127.01345,서울특별시 성북구 아리랑로 지하 122,우이신설경전철운영㈜,전체_도시철도역사정보_20260228
station_unique:906,정발산역,일산선,37.659709,126.773254,경기도 고양시 일산동구 마두 1동 1123(일산동구 중앙로 1270),한국철도공사,전체_도시철도역사정보_20260228
station_unique:907,정부과천청사역,안산과천선,37.426445,126.989802,경기도 과천시 중앙로 지하 100,한국철도공사,전체_도시철도역사정보_20260228
station_unique:908,정부청사,대전 도시철도 1호선,36.357661,127.381047,대전광역시 서구 한밭대로 지하 744(둔산동),대전교통공사,전체_도시철도역사정보_20260228
station_unique:909,정왕역,수인선|안산과천선,37.351816,126.742844,경기도 시흥시 마유로 418길 15,한국철도공사,전체_도시철도역사정보_20260228
station_unique:910,정자,신분당선,37.36750101,127.1084859,경기도 성남시 분당구 성남대로 지하 333 ,경기도 신분당선,전체_도시철도역사정보_20260228
station_unique:911,정자역,분당선,37.366037,127.108091,경기도 성남시 분당구 성남대로 지하 333(정자동),한국철도공사,전체_도시철도역사정보_20260228
station_unique:912,정평,대구 도시철도 2호선,35.83407,128.728695,"경상북도 경산시 대학로 지하60(정평동, 정평역)",대구교통공사,전체_도시철도역사정보_20260228
station_unique:913,제기동,1호선,37.578116,127.034902,서울특별시 동대문구 왕산로 지하93(제기동),서울교통공사,전체_도시철도역사정보_20260228
station_unique:914,제물포역,경인선,37.466809,126.657165,인천시 남구 경인로 129,한국철도공사,전체_도시철도역사정보_20260228
station_unique:915,종각,1호선,37.570203,126.983116,서울특별시 종로구 종로 지하55(종로1가),서울교통공사,전체_도시철도역사정보_20260228
station_unique:916,종로3가,1호선,37.570429,126.992095,서울특별시 종로구 종로 지하129(종로3가),서울교통공사,전체_도시철도역사정보_20260228
station_unique:917,종로3가,3호선,37.571537,126.991837,서울특별시 종로구 돈화문로 지하30(묘동),서울교통공사,전체_도시철도역사정보_20260228
station_unique:918,종로3가(탑골공원),5호선,37.572546,126.990447,서울특별시 종로구 돈화문로11길 지하 26(돈의동),서울교통공사,전체_도시철도역사정보_20260228
station_unique:919,종로5가,1호선,37.570971,127.0019,서울특별시 종로구 종로 지하216(종로5가),서울교통공사,전체_도시철도역사정보_20260228
station_unique:920,종합운동장,부산 도시철도 3호선,35.19125,129.0675,부산광역시 연제구 아시아드대로 지하 73,부산광역시 부산교통공사,전체_도시철도역사정보_20260228
station_unique:921,종합운동장,2호선,37.511128,127.073841,서울특별시 송파구 올림픽로 지하23(잠실동),서울교통공사,전체_도시철도역사정보_20260228
station_unique:922,종합운동장,수도권  도시철도 9호선,37.511156,127.076917,서울특별시 송파구 올림픽로 23,서울시메트로9호선㈜,전체_도시철도역사정보_20260228
station_unique:923,좌천,부산 도시철도 1호선,35.13417,129.05417,부산광역시 동구 중앙대로 지하 446,부산광역시 부산교통공사,전체_도시철도역사정보_20260228
station_unique:924,좌천역,동해선,35.311838,129.245197,부산시 기장군 장안읍 좌천리 239-4,한국철도공사,전체_도시철도역사정보_20260228
station_unique:925,주례,부산 도시철도 2호선,35.1505,129.00306,부산광역시 사상구 가야대로 지하 292,부산광역시 부산교통공사,전체_도시철도역사정보_20260228
station_unique:926,주안,인천지하철 2호선,37.465234,126.679041,인천광역시 미추홀구 주안로 지하 91-1 (주안동),인천교통공사,전체_도시철도역사정보_20260228
station_unique:927,주안국가산단,인천지하철 2호선,37.473599,126.681102,인천광역시 서구 방축로 343 (가좌동),인천교통공사,전체_도시철도역사정보_20260228
station_unique:928,주안역,경인선,37.465041,126.680702,인천시 남구 주안로 95-19,한국철도공사,전체_도시철도역사정보_20260228
station_unique:929,주엽역,일산선,37.670138,126.761232,경기도 고양시 일산서구 중앙로 1432(주엽동 166-7),한국철도공사,전체_도시철도역사정보_20260228
station_unique:930,죽전,대구 도시철도 2호선,35.8503505,128.537089,달서구 달구벌대로 지하1560 (죽전동),대구교통공사,전체_도시철도역사정보_20260228
station_unique:931,죽전역,분당선,37.324575,127.107385,경기도 용인시 수지구 포은대로 530(죽전동 1014),한국철도공사,전체_도시철도역사정보_20260228
station_unique:932,중계,7호선,37.645052,127.064084,서울특별시 노원구 동일로 지하1308-1(중계동),서울교통공사,전체_도시철도역사정보_20260228
station_unique:933,중곡,7호선,37.565877,127.084291,서울특별시 광진구 능동로 지하417(중곡동),서울교통공사,전체_도시철도역사정보_20260228
station_unique:934,중구청,대전 도시철도 1호선,36.324831,127.419627,대전광역시 중구 중앙로 지하 71 (선화동),대전교통공사,전체_도시철도역사정보_20260228
station_unique:935,중동,부산 도시철도 2호선,35.16669,129.16887,부산광역시 해운대구 해운대로 지하 730,부산광역시 부산교통공사,전체_도시철도역사정보_20260228
station_unique:936,중동역,경인선,37.486664,126.764474,경기도 부천시 소사구 중동로 73,한국철도공사,전체_도시철도역사정보_20260228
station_unique:937,중랑역,경의중앙선|경춘선,37.594948,127.076152,서울특별시 중랑구 중랑역로 9,한국철도공사,전체_도시철도역사정보_20260228
station_unique:938,중앙,부산 도시철도 1호선,35.10389,129.03639,부산광역시 중구 중앙대로 지하 83,부산광역시 부산교통공사,전체_도시철도역사정보_20260228
station_unique:939,중앙로,대구 도시철도 1호선,35.870873,128.593888,중구 중앙대로 지하424 (남일동),대구교통공사,전체_도시철도역사정보_20260228
station_unique:940,중앙로,대전 도시철도 1호선,36.328664,127.425842,대전광역시 중구 중앙로 지하 145 (은행동),대전교통공사,전체_도시철도역사정보_20260228
station_unique:941,중앙보훈병원,수도권  도시철도 9호선,37.528807,127.148488,서울특별시 강동구 명일로 지하 117,서울시메트로9호선㈜,전체_도시철도역사정보_20260228
station_unique:942,중앙역,수인선|안산과천선,37.316055,126.838532,경기도 안산시 단원구 중앙대로 918,한국철도공사,전체_도시철도역사정보_20260228
station_unique:943,중화,7호선,37.602604,127.079254,서울특별시 중랑구 동일로 지하797(중화동),서울교통공사,전체_도시철도역사정보_20260228
station_unique:944,증미,서울 도시철도 9호선,37.55785,126.861067,서울특별시 강서구 양천로 지하560,서울특별시 서울시메트로9호선㈜,전체_도시철도역사정보_20260228
station_unique:945,증산,부산 도시철도 2호선,35.30828,129.01028,경상남도 양산시 물금읍 메기로 168,부산광역시 부산교통공사,전체_도시철도역사정보_20260228
station_unique:946,증산(명지대앞),6호선,37.583989,126.909785,서울특별시 은평구 증산로 지하306(증산동),서울교통공사,전체_도시철도역사정보_20260228
station_unique:947,지게골,부산 도시철도 2호선,35.13558,129.07436,부산광역시 남구 수영로 지하 70,부산광역시 부산교통공사,전체_도시철도역사정보_20260228
station_unique:948,지내,부산김해경전철,35.2275,128.923721,경상남도 김해시 김해대로 2718,부산-김해경전철㈜,전체_도시철도역사정보_20260228
station_unique:949,지산,대구 도시철도 3호선,35.82515322,128.6319513, 수성구 지범로 100(지산동),대구교통공사,전체_도시철도역사정보_20260228
station_unique:950,지석,에버라인,37.26973732,127.1363256,경기도 용인시 기흥구 어정로 28,경기도 용인경전철,전체_도시철도역사정보_20260228
station_unique:951,지식정보단지,인천지하철 1호선,37.378021,126.645412,인천광역시 연수구 인천타워대로 57,인천교통공사,전체_도시철도역사정보_20260228
station_unique:952,지족,대전 도시철도 1호선,36.384106,127.319501,대전광역시 유성구 노은로 273(지족동),대전교통공사,전체_도시철도역사정보_20260228
station_unique:953,지축,3호선,37.648151,126.913751,경기도 고양시 덕양구 삼송로 300(지축동),서울교통공사,전체_도시철도역사정보_20260228
station_unique:954,지축역,일산선,37.648114,126.913746,경기도 고양시 덕양구 삼송로 300(지축동),한국철도공사,전체_도시철도역사정보_20260228
station_unique:955,지평역,경의중앙선,37.476496,127.629681,경기도 양평군 지평면 지평역길 32,한국철도공사,전체_도시철도역사정보_20260228
station_unique:956,지행역,경원선,37.892361,127.055734,경기도 동두천시 평화로 2285(지행동),한국철도공사,전체_도시철도역사정보_20260228
station_unique:957,직산역,경부선,36.870921,127.143774,충남 천안시 서북구 직산읍 천안대로 1471-33,한국철도공사,전체_도시철도역사정보_20260228
station_unique:958,진위역,경부선,37.109771,127.062342,경기도 평택시 경기대로 1855,한국철도공사,전체_도시철도역사정보_20260228
station_unique:959,진접역,진접선,37.720472,127.203167,경기도 남양주시 진접읍 경복대로 지하 244,남양주도시공사,전체_도시철도역사정보_20260228
station_unique:960,진천,대구 도시철도 1호선,35.813815,128.522374,달서구 월배로 지하76 (진천동),대구교통공사,전체_도시철도역사정보_20260228
station_unique:961,창동,4호선,37.653315,127.048304,서울특별시 도봉구 마들로11길 77(창동),서울교통공사,전체_도시철도역사정보_20260228
station_unique:962,창동역,경원선,37.653181,127.047663,서울시 도봉구 마들로 11길 77(창1동 135-86),한국철도공사,전체_도시철도역사정보_20260228
station_unique:963,창신,6호선,37.579772,127.015246,서울특별시 종로구 지봉로 지하112(창신동),서울교통공사,전체_도시철도역사정보_20260228
station_unique:964,천마산역,경춘선,37.658995,127.285731,경기도 남양주시 화도읍 묵현로 25번길 37,한국철도공사,전체_도시철도역사정보_20260228
station_unique:965,천안역,경부선,36.810238,127.146417,충남 천안시 동남구 대흥로 239(대흥동 57-1),한국철도공사,전체_도시철도역사정보_20260228
station_unique:966,천왕,7호선,37.486699,126.838684,서울특별시 구로구 오리로 지하1154(천왕동),서울교통공사,전체_도시철도역사정보_20260228
station_unique:967,천호(풍납토성),8호선,37.53792,127.123179,서울특별시 강동구 천호대로 지하997(천호동),서울교통공사,전체_도시철도역사정보_20260228
station_unique:968,천호(풍납토성),5호선,37.538566,127.123539,서울특별시 강동구 천호대로 지하997(천호동),서울교통공사,전체_도시철도역사정보_20260228
station_unique:969,철산,7호선,37.47616,126.868217,경기도 광명시 철산로 지하13(철산동),서울교통공사,전체_도시철도역사정보_20260228
station_unique:970,청계산입구,신분당선,37.44871485,127.0543396,서울특별시 서초구 청계산로 지하 179,경기도 신분당선,전체_도시철도역사정보_20260228
station_unique:971,청구,6호선,37.560221,127.013776,서울특별시 중구 청구로 지하77(신당동),서울교통공사,전체_도시철도역사정보_20260228
station_unique:972,청구,5호선,37.560237,127.01379,서울특별시 중구 청구로 지하77(신당동),서울교통공사,전체_도시철도역사정보_20260228
station_unique:973,청담,7호선,37.519097,127.051851,서울특별시 강남구 학동로 지하508(청담동),서울교통공사,전체_도시철도역사정보_20260228
station_unique:974,청라국제도시,인천국제공항선,37.556509,126.624725,인천광역시 서구 에코로 163,공항철도주식회사,전체_도시철도역사정보_20260228
station_unique:975,청라언덕,대구 도시철도 2호선,35.865,128.58232271,중구 달구벌대로 지하2000 (동산동),대구교통공사,전체_도시철도역사정보_20260228
station_unique:976,청라언덕(신남),대구 도시철도 3호선,35.86419437,128.5823758, 중구 남산로 80(남산동),대구교통공사,전체_도시철도역사정보_20260228
station_unique:977,청량리(서울시립대입구),1호선,37.580148,127.045063,서울특별시 동대문구 왕산로 지하205(전농동),서울교통공사,전체_도시철도역사정보_20260228
station_unique:978,청량리역,경의중앙선,37.580043,127.047588,서울시 동대문구 왕산로 214,한국철도공사,전체_도시철도역사정보_20260228
station_unique:979,청량리역,경원선,37.580543,127.048077,서울시 동대문구 왕산로 214,한국철도공사,전체_도시철도역사정보_20260228
station_unique:980,청명역,분당선,37.259485,127.078945,경기도 수원시 영통구 봉영로 지하 1670,한국철도공사,전체_도시철도역사정보_20260228
station_unique:981,청산역,경원선,37.995138,127.074097,경기도 연천군 청산면 초성리 170-1,한국철도공사,전체_도시철도역사정보_20260228
station_unique:982,청평역,경춘선,37.735484,127.426541,경기도 가평군 청평면 청평역로 97-33(청평리 125-1),한국철도공사,전체_도시철도역사정보_20260228
station_unique:983,체육공원,부산 도시철도 3호선,35.21261,128.96894,부산광역시 강서구 낙동북로 371,부산광역시 부산교통공사,전체_도시철도역사정보_20260228
station_unique:984,초당,에버라인,37.26080647,127.1594692,경기도 용인시 기흥구 동백죽전대로 204,경기도 용인경전철,전체_도시철도역사정보_20260228
station_unique:985,초량,부산 도시철도 1호선,35.12111,129.04296,부산광역시 동구 중앙대로 지하 264,부산광역시 부산교통공사,전체_도시철도역사정보_20260228
station_unique:986,초월역,경강선,37.373389,127.299996,경기도 광주시 초월읍 경충대로 1066,한국철도공사,전체_도시철도역사정보_20260228
station_unique:987,초지역,서해선,37.320083,126.808051,경기도 안산시 단원구 중앙대로 620,한국철도공사,전체_도시철도역사정보_20260228
station_unique:988,초지역,수인선|안산과천선,37.320583,126.806151,경기도 안산시 단원구 중앙대로 620,한국철도공사,전체_도시철도역사정보_20260228
station_unique:989,총신대입구(이수),7호선,37.485258,126.981766,서울특별시 동작구 사당로 지하310(사당동),서울교통공사,전체_도시철도역사정보_20260228
station_unique:990,총신대입구(이수),4호선,37.487521,126.982309,서울특별시 동작구 동작대로 지하117(사당동),서울교통공사,전체_도시철도역사정보_20260228
station_unique:991,춘의,도시철도 7호선,37.50365,126.787069,경기도 부천시 원미구 길주로 지하 406 (춘의동),인천교통공사,전체_도시철도역사정보_20260228
station_unique:992,춘천역,경춘선,37.884391,127.716603,강원도 춘천시 평화로 1(근화동 190),한국철도공사,전체_도시철도역사정보_20260228
station_unique:993,충렬사,부산 경량도시철도 4호선,35.19986,129.09764,부산광역시 동래구 반송로 지하 205,부산광역시 부산교통공사,전체_도시철도역사정보_20260228
station_unique:994,충무로,4호선,37.561352,126.994573,서울특별시 중구 퇴계로 지하214(필동2가),서울교통공사,전체_도시철도역사정보_20260228
station_unique:995,충무로,3호선,37.561382,126.994173,서울특별시 중구 퇴계로 지하214(필동2가),서울교통공사,전체_도시철도역사정보_20260228
station_unique:996,충정로(경기대입구),2호선,37.559742,126.964455,서울특별시 서대문구 서소문로 지하17(충정로3가),서울교통공사,전체_도시철도역사정보_20260228
station_unique:997,충정로(경기대입구),5호선,37.560061,126.962783,서울특별시 서대문구 충정로 지하 28-1(충정로3가),서울교통공사,전체_도시철도역사정보_20260228
station_unique:998,칠곡경대병원,대구 도시철도 3호선,35.95838748,128.5598908, 북구 팔거천동로 386(동호동),대구교통공사,전체_도시철도역사정보_20260228
station_unique:999,칠곡운암,대구 도시철도 3호선,35.93145534,128.5545305, 북구 팔거천동로 79(구암동),대구교통공사,전체_도시철도역사정보_20260228
station_unique:1000,칠성시장,대구 도시철도 1호선,35.876159,128.604885,북구 칠성남로 지하222 (칠성동),대구교통공사,전체_도시철도역사정보_20260228
station_unique:1001,캠퍼스타운,인천지하철 1호선,37.388209,126.661985,인천광역시 연수구 송도국제대로 66,인천교통공사,전체_도시철도역사정보_20260228
station_unique:1002,탄방,대전 도시철도 1호선,36.34544,127.384603,대전광역시 서구 문정로48번길 지하 19(탄방동),대전교통공사,전체_도시철도역사정보_20260228
station_unique:1003,탄현역,경의중앙선,37.694114,126.761075,경기도 고양시 일산서구 경의로 856(덕이동),한국철도공사,전체_도시철도역사정보_20260228
station_unique:1004,탑석,의정부,37.73355362,127.0889064,경기도 의정부시 충의로 20,의정부경량전철㈜,전체_도시철도역사정보_20260228
station_unique:1005,탕정역,장항선,36.788272,127.084446,충청남도 아산시 탕정면 매곡중앙6로 11,한국철도공사,전체_도시철도역사정보_20260228
station_unique:1006,태릉입구,6호선,37.617319,127.074741,서울특별시 노원구 동일로 지하 992-1(공릉동),서울교통공사,전체_도시철도역사정보_20260228
station_unique:1007,태릉입구,7호선,37.618519,127.075361,서울특별시 노원구 동일로 지하 992-1(공릉동),서울교통공사,전체_도시철도역사정보_20260228
station_unique:1008,태전,대구 도시철도 3호선,35.9196172,128.547388, 북구 칠곡중앙대로 262(태전동),대구교통공사,전체_도시철도역사정보_20260228
station_unique:1009,태평역,분당선,37.439842,127.127746,경기도 성남시 수정구 성남대로 지하 1229번지,한국철도공사,전체_도시철도역사정보_20260228
station_unique:1010,태화강역,동해선,35.538669,129.353269,울산광역시 남구 산업로 654,한국철도공사,전체_도시철도역사정보_20260228
station_unique:1011,테크노파크,인천지하철 1호선,37.382311,126.656355,인천광역시 연수구 송도국제대로 150,인천교통공사,전체_도시철도역사정보_20260228
station_unique:1012,토성,부산 도시철도 1호선,35.10083,129.01972,부산광역시 서구 구덕로 지하 170,부산광역시 부산교통공사,전체_도시철도역사정보_20260228
station_unique:1013,퇴계원역,경춘선,37.648316,127.143858,경기도 남양주시 퇴계원면 경춘북로 545(퇴계원리 218-8),한국철도공사,전체_도시철도역사정보_20260228
station_unique:1014,파라다이스시티역,자기부상철도,37.437217,126.459858,인천시 중구 공항로 271,인천광역시 인천국제공항공사,전체_도시철도역사정보_20260228
station_unique:1015,파주역,경의중앙선,37.815391,126.792426,경기도 파주시 파주읍 주라위길 38,한국철도공사,전체_도시철도역사정보_20260228
station_unique:1016,판교,신분당선,37.39501475,127.1112107,경기도 성남시 분당구 판교역로 지하 160,경기도 신분당선,전체_도시철도역사정보_20260228
station_unique:1017,판교역,경강선,37.394798,127.111135,경기도 성남시 분당구 판교역로 160,한국철도공사,전체_도시철도역사정보_20260228
station_unique:1018,판암,대전 도시철도 1호선,36.316896,127.458264,대전광역시 동구 옥천로 지하162 (판암동),대전교통공사,전체_도시철도역사정보_20260228
station_unique:1019,팔거(국립농관원통계청),대구 도시철도 3호선,35.94404716,128.5583366, 북구 팔거천동로 226(동천동),대구교통공사,전체_도시철도역사정보_20260228
station_unique:1020,팔달,대구 도시철도 3호선,35.89777,128.5468, 북구 매천로2길 43(팔달동),대구교통공사,전체_도시철도역사정보_20260228
station_unique:1021,팔달시장,대구 도시철도 3호선,35.88883085,128.5678716, 북구 팔달로 163-1(노원동3가),대구교통공사,전체_도시철도역사정보_20260228
station_unique:1022,팔당역,경의중앙선,37.547321,127.243896,경기도 남양주시 와부읍 팔당로 107번길,한국철도공사,전체_도시철도역사정보_20260228
station_unique:1023,평강,부산김해경전철,35.214105,128.950825,부산광역시 강서구 낙동북로 203,부산-김해경전철㈜,전체_도시철도역사정보_20260228
station_unique:1024,평내호평역,경춘선,37.653229,127.244452,경기도 남양주시 경춘로 1375(평내동 156),한국철도공사,전체_도시철도역사정보_20260228
station_unique:1025,평동,광주도시철도 1호선,35.1247,126.769586,광주광역시 광산구 평동로 870(월전동),광주교통공사,전체_도시철도역사정보_20260228
station_unique:1026,평촌역,안산과천선,37.394346,126.963881,경기도 안양시 동안구 부림로 지하 123,한국철도공사,전체_도시철도역사정보_20260228
station_unique:1027,평택역,경부선,36.990559,127.085496,경기도 평택시 평택로 51,한국철도공사,전체_도시철도역사정보_20260228
station_unique:1028,평택지제역,경부선,37.018822,127.070269,경기도 평택시 경기대로 777,한국철도공사,전체_도시철도역사정보_20260228
station_unique:1029,풍무역,김포도시철도,37.612333,126.732583,경기도 김포시 김포대로 지하 710,김포골드라인에스알에스㈜,전체_도시철도역사정보_20260228
station_unique:1030,풍산역,경의중앙선|서해선,37.672173,126.786355,경기도 고양시 일산동구 경의로 486(풍동),한국철도공사,전체_도시철도역사정보_20260228
station_unique:1031,하계,7호선,37.636363,127.067999,서울특별시 노원구 동일로 지하1196(하계동),서울교통공사,전체_도시철도역사정보_20260228
station_unique:1032,하남검단산,5호선,37.539729,127.223427,경기도 하남시 대청로 지하100(창우동),서울교통공사,전체_도시철도역사정보_20260228
station_unique:1033,하남시청(덕풍∙신장),5호선,37.541723,127.206901,경기도 하남시 하남대로 지하820(덕풍동),서울교통공사,전체_도시철도역사정보_20260228
station_unique:1034,하남풍산,5호선,37.552201,127.203897,경기도 하남시 덕풍서로 지하50(덕풍동),서울교통공사,전체_도시철도역사정보_20260228
station_unique:1035,하단,부산 도시철도 1호선,35.10611,128.96667,부산광역시 사하구 낙동남로 지하 1415,부산광역시 부산교통공사,전체_도시철도역사정보_20260228
station_unique:1036,하양(대구가톨릭대),대구 도시철도 1호선,35.9094258,128.8175403,경산시 하양읍 하양역길 3,대구교통공사,전체_도시철도역사정보_20260228
station_unique:1037,학동,7호선,37.514262,127.031738,서울특별시 강남구 학동로 지하180(논현동),서울교통공사,전체_도시철도역사정보_20260228
station_unique:1038,학동증심사입구,광주도시철도 1호선,35.133023,126.928382,광주광역시 동구 남문로 지하 700(학동),광주교통공사,전체_도시철도역사정보_20260228
station_unique:1039,학여울,3호선,37.496787,127.0708601,서울특별시 강남구 남부순환로 지하3104(대치동),서울교통공사,전체_도시철도역사정보_20260228
station_unique:1040,학정,대구 도시철도 3호선,35.95155512,128.5591934, 북구 팔거천동로 310(학정동),대구교통공사,전체_도시철도역사정보_20260228
station_unique:1041,한강진,6호선,37.53956,127.001729,서울특별시 용산구 이태원로 지하287(한남동),서울교통공사,전체_도시철도역사정보_20260228
station_unique:1042,한국항공대,경의중앙선,37.603102,126.868291,경기도 고양시 덕양구 화랑로 53(화전동 183-10),한국철도공사,전체_도시철도역사정보_20260228
station_unique:1043,한남역,경원선,37.529361,127.008984,서울시 용산구 독서당로6길 12-13(한남동),한국철도공사,전체_도시철도역사정보_20260228
station_unique:1044,한대앞역,안산과천선,37.309685,126.853656,경기도 안산시 상록구 충장로 337,한국철도공사,전체_도시철도역사정보_20260228
station_unique:1045,한대앞역,수인선,37.309985,126.853506,경기도 안산시 상록구 충장로 337,한국철도공사,전체_도시철도역사정보_20260228
station_unique:1046,한성대입구(삼선교),4호선,37.58838,127.005951,서울특별시 성북구 삼선교로 지하1(삼선동1가),서울교통공사,전체_도시철도역사정보_20260228
station_unique:1047,한성백제,수도권  도시철도 9호선,37.516369,127.116211,서울특별시 송파구 위례성대로 지하 51,서울시메트로9호선㈜,전체_도시철도역사정보_20260228
station_unique:1048,한양대,2호선,37.555758,127.0436594,서울특별시 성동구 왕십리로 206(행당동),서울교통공사,전체_도시철도역사정보_20260228
station_unique:1049,한티역,분당선,37.496208,127.052883,서울시 강남구 선릉로 지하 228,한국철도공사,전체_도시철도역사정보_20260228
station_unique:1050,합동청사역,자기부상철도,37.440519,126.458654,인천시 중구 공항로 271,인천광역시 인천국제공항공사,전체_도시철도역사정보_20260228
station_unique:1051,합정,6호선,37.549033,126.913546,서울특별시 마포구 양화로 지하45(합정동),서울교통공사,전체_도시철도역사정보_20260228
station_unique:1052,합정,2호선,37.550025,126.914557,서울특별시 마포구 양화로 지하55(서교동),서울교통공사,전체_도시철도역사정보_20260228
station_unique:1053,해안,대구 도시철도 1호선,35.883765,128.659079,동구 동촌로 지하167 (방촌동),대구교통공사,전체_도시철도역사정보_20260228
station_unique:1054,해운대,부산 도시철도 2호선,35.163518,129.158584,부산광역시 해운대구 해운대로 지하 626,부산광역시 부산교통공사,전체_도시철도역사정보_20260228
station_unique:1055,행당,5호선,37.557297,127.029482,서울특별시 성동구 행당로 지하89(행당동),서울교통공사,전체_도시철도역사정보_20260228
station_unique:1056,행신역,경의중앙선,37.612125,126.834063,경기도 고양시 덕양구 행신동 충경로 124번지(행신2동 812),한국철도공사,전체_도시철도역사정보_20260228
station_unique:1057,현충로,대구 도시철도 1호선,35.84072,128.58085,남구 대명로 지하222 (대명동),대구교통공사,전체_도시철도역사정보_20260228
station_unique:1058,현충원,대전 도시철도 1호선,36.359021,127.321525,대전광역시 유성구 현충원로 지하 455(구암동),대전교통공사,전체_도시철도역사정보_20260228
station_unique:1059,혜화,4호선,37.582116,127.001929,서울특별시 종로구 대학로 지하120(명륜4가),서울교통공사,전체_도시철도역사정보_20260228
station_unique:1060,호구포역,수인선,37.401622,126.708682,인천시 남동구 호구포로 205,한국철도공사,전체_도시철도역사정보_20260228
station_unique:1061,호포,부산 도시철도 2호선,35.281,129.017525,경상남도 양산시 동면 양산대로 62,부산광역시 부산교통공사,전체_도시철도역사정보_20260228
station_unique:1062,홍대입구,2호선,37.556748,126.923643,서울특별시 마포구 양화로 지하160(동교동),서울교통공사,전체_도시철도역사정보_20260228
station_unique:1063,홍대입구,인천국제공항선,37.55774103,126.9264939,서울특별시 마포구 양화로 188,공항철도주식회사,전체_도시철도역사정보_20260228
station_unique:1064,홍대입구역,경의중앙선,37.55758,126.926833,서울시 마포구 양화로 지하 188,한국철도공사,전체_도시철도역사정보_20260228
station_unique:1065,홍제,3호선,37.588851,126.944092,서울특별시 서대문구 통일로 지하440-1(홍제동),서울교통공사,전체_도시철도역사정보_20260228
station_unique:1066,화계,우이신설선,37.63428,127.0175,서울특별시 강북구 삼양로 341,우이신설경전철운영㈜,전체_도시철도역사정보_20260228
station_unique:1067,화곡,5호선,37.541585,126.840436,서울특별시 강서구 화곡로 지하168(화곡동),서울교통공사,전체_도시철도역사정보_20260228
station_unique:1068,화랑대(서울여대입구),6호선,37.619875,127.084106,서울특별시 노원구 화랑로 지하510(공릉동),서울교통공사,전체_도시철도역사정보_20260228
station_unique:1069,화명,부산 도시철도 2호선,35.23585,129.01387,부산광역시 북구 금곡대로 지하 311,부산광역시 부산교통공사,전체_도시철도역사정보_20260228
station_unique:1070,화서역,경부선,37.28399,126.989581,경기도 수원시 팔달구 덕영대로 692,한국철도공사,전체_도시철도역사정보_20260228
station_unique:1071,화원,대구 도시철도 1호선,35.804349,128.500409,달성군 화원읍 비슬로 지하2600,대구교통공사,전체_도시철도역사정보_20260228
station_unique:1072,화정,광주도시철도 1호선,35.152085,126.876698,광주광역시 서구 상무대로 지하 1041(화정동),광주교통공사,전체_도시철도역사정보_20260228
station_unique:1073,화정역,일산선,37.634708,126.832503,경기도 고양시 덕양구 화정로 60 화정역,한국철도공사,전체_도시철도역사정보_20260228
station_unique:1074,황금,대구 도시철도 3호선,35.83907838,128.6239185, 수성구 동대구로 100(두산동),대구교통공사,전체_도시철도역사정보_20260228
station_unique:1075,회기역,경원선,37.589602,127.057936,서울시 동대문구 회기로196(휘경동 317-101),한국철도공사,전체_도시철도역사정보_20260228
station_unique:1076,회기역,경의중앙선,37.589802,127.057936,서울시 동대문구 회기로196(휘경동 317-101),한국철도공사,전체_도시철도역사정보_20260228
station_unique:1077,회룡,의정부,37.72505255,127.0467864,경기도 의정부시 평화로 363,의정부경량전철㈜,전체_도시철도역사정보_20260228
station_unique:1078,회룡역,경원선,37.724037,127.047319,경기도 의정부시 평화로 363,한국철도공사,전체_도시철도역사정보_20260228
station_unique:1079,회현(남대문시장),4호선,37.558698,126.978346,서울특별시 중구 퇴계로 지하54(남창동),서울교통공사,전체_도시철도역사정보_20260228
station_unique:1080,효자,의정부,37.75398452,127.0773155,경기도 의정부시 부용로 159-40,의정부경량전철㈜,전체_도시철도역사정보_20260228
station_unique:1081,효창공원앞,6호선,37.539279,126.961348,서울특별시 용산구 백범로 지하287(효창동),서울교통공사,전체_도시철도역사정보_20260228
station_unique:1082,효창공원앞역,경의중앙선,37.538789,126.962339,서울시 용산구 용문동 5-157,한국철도공사,전체_도시철도역사정보_20260228
station_unique:1083,흑석(중앙대입구),서울 도시철도 9호선,37.508889,126.963611,서울특별시 동작구 현충로 지하90 (흑석동),서울특별시 서울시메트로9호선㈜,전체_도시철도역사정보_20260228
station_unique:1084,흥선,의정부,37.74322487,127.0371765,경기도 의정부시 호국로 1197,의정부경량전철㈜,전체_도시철도역사정보_20260228
